state,city,town,pincode,id,population,mobileUsers,internetUsers
Andaman & Nicobar Islands,Aberdeen,Aberdeen,744204,andaman-and-nicobar-islands-aberdeen,339567,241035,228983
Andaman & Nicobar Islands,Campwell Bay,Campwell Bay,744302,andaman-and-nicobar-islands-campwell-bay,254024,186229,167693
Andaman & Nicobar Islands,Car Nicobar,Car Nicobar,744301,andaman-and-nicobar-islands-car-nicobar,346945,307118,253077
Andaman & Nicobar Islands,Diglipur,Diglipur,744202,andaman-and-nicobar-islands-diglipur,697101,569483,393518
Andaman & Nicobar Islands,Hemlauk,Hemlauk,744211,andaman-and-nicobar-islands-hemlauk,768823,700275,514522
Andaman & Nicobar Islands,Kadamtala,Kadamtala,744209,andaman-and-nicobar-islands-kadamtala,136110,100725,79982
Andaman & Nicobar Islands,Kapanga,Kapanga,744309,andaman-and-nicobar-islands-kapanga,914936,825086,598952
Andaman & Nicobar Islands,Mayabandar,Mayabandar,744204,andaman-and-nicobar-islands-mayabandar,860017,702864,582617
Andaman & Nicobar Islands,Port Blair,Port Blair,744101,andaman-and-nicobar-islands-port-blair,352702,266241,200082
Andaman & Nicobar Islands,Bakultala,Bakultala,744208,andaman-and-nicobar-islands-bakultala,66771,47395,45025
Andhra Pradesh,Addanki,Addanki,523201,andhra-pradesh-addanki,738926,521737,495650
Andhra Pradesh,Adilabad,Adilabad,504001,andhra-pradesh-adilabad,483446,368200,349790
Andhra Pradesh,Adoni,Adoni,518301,andhra-pradesh-adoni,327481,295354,249540
Andhra Pradesh,Allagada,Allagada,518543,andhra-pradesh-allagada,856889,721655,568059
Andhra Pradesh,Amadalavalasa,Amadalavalasa,532185,andhra-pradesh-amadalavalasa,484435,398339,313478
Andhra Pradesh,Amalapuram,Amalapuram,533201,andhra-pradesh-amalapuram,496782,438222,398810
Andhra Pradesh,Anakpalle,Anakpalle,531001,andhra-pradesh-anakpalle,185886,134561,116426
Andhra Pradesh,Anantapur,Anantapur,515001,andhra-pradesh-anantapur,521288,443174,373745
Andhra Pradesh,Armoor,Armoor,503224,andhra-pradesh-armoor,744888,600607,570576
Andhra Pradesh,Attili,Attili,534134,andhra-pradesh-attili,239156,191264,181700
Andhra Pradesh,Avanigadda,Avanigadda,521121,andhra-pradesh-avanigadda,93518,72801,54580
Andhra Pradesh,Bapatla,Bapatla,522101,andhra-pradesh-bapatla,641000,580665,549801
Andhra Pradesh,Bhadrachalam,Bhadrachalam,507111,andhra-pradesh-bhadrachalam,821480,665512,508443
Andhra Pradesh,Bhimavaram,Bhimavaram,534201,andhra-pradesh-bhimavaram,155267,113762,108073
Andhra Pradesh,Bhongir,Bhongir,508116,andhra-pradesh-bhongir,200079,155540,115720
Andhra Pradesh,Bobbili,Bobbili,532558,andhra-pradesh-bobbili,637445,492733,470874
Andhra Pradesh,Buchinghampet,Buchinghampet,520002,andhra-pradesh-buchinghampet,579336,481664,457580
Andhra Pradesh,Chandragiri,Chandragiri,517101,andhra-pradesh-chandragiri,879049,730463,542523
Andhra Pradesh,Chilakaluripeta,Chilakaluripeta,522616,andhra-pradesh-chilakaluripeta,699648,564167,535958
Andhra Pradesh,Chirala,Chirala,523115,andhra-pradesh-chirala,896261,658082,548048
Andhra Pradesh,Chittoor,Chittoor,517001,andhra-pradesh-chittoor,578041,423323,402156
Andhra Pradesh,Chodavaram,Chodavaram,531036,andhra-pradesh-chodavaram,698589,598574,418059
Andhra Pradesh,Cuddapah,Cuddapah,516001,andhra-pradesh-cuddapah,881853,642155,610047
Andhra Pradesh,Dargamitta,Dargamitta,524003,andhra-pradesh-dargamitta,53909,42855,40712
Andhra Pradesh,Dharmavaram,Dharmavaram,516671,andhra-pradesh-dharmavaram,835961,748723,641501
Andhra Pradesh,Eluru,Eluru,534001,andhra-pradesh-eluru,889255,700035,665033
Andhra Pradesh,Gadwal,Gadwal,509125,andhra-pradesh-gadwal,853303,704125,663756
Andhra Pradesh,Gudivada,Gudivada,521301,andhra-pradesh-gudivada,144049,124482,121856
Andhra Pradesh,Gudur,Gudur,524101,andhra-pradesh-gudur,869572,737351,617491
Andhra Pradesh,Guntakal,Guntakal,515801,andhra-pradesh-guntakal,886541,648560,617192
Andhra Pradesh,Guntur,Guntur,522001,andhra-pradesh-guntur,138658,111443,99364
Andhra Pradesh,Hanamkonda,Hanamkonda,506001,andhra-pradesh-hanamkonda,894774,645946,613648
Andhra Pradesh,Hindupur,Hindupur,515201,andhra-pradesh-hindupur,326726,288343,222092
Andhra Pradesh,Huzurabad,Huzurabad,505468,andhra-pradesh-huzurabad,576270,518218,371383
Andhra Pradesh,Hyderabad G.P.O,Hyderabad G.P.O,500001,andhra-pradesh-hyderabad-g-p-o,7343658,6584976,5849017
Andhra Pradesh,Hyderabad Jubilee,Hyderabad Jubilee,500002,andhra-pradesh-hyderabad-jubilee,12804114,10104024,7923042
Andhra Pradesh,Kaikalur,Kaikalur,521333,andhra-pradesh-kaikalur,357707,318938,240829
Andhra Pradesh,Kakinada,Kakinada,533001,andhra-pradesh-kakinada,291525,228153,197552
Andhra Pradesh,Kamareddy,Kamareddy,503111,andhra-pradesh-kamareddy,242671,171941,163343
Andhra Pradesh,Kandukur,Kandukur,523105,andhra-pradesh-kandukur,560095,432864,396466
Andhra Pradesh,Kanigiri,Kanigiri,523230,andhra-pradesh-kanigiri,359783,257749,199634
Andhra Pradesh,Karimnagar,Karimnagar,505001,andhra-pradesh-karimnagar,175057,138086,114683
Andhra Pradesh,Kavali,Kavali,524201,andhra-pradesh-kavali,549026,406262,385948
Andhra Pradesh,Khairatabad,Khairatabad,500004,andhra-pradesh-khairatabad,410641,313448,297775
Andhra Pradesh,Khammam,Khammam,507001,andhra-pradesh-khammam,364469,334267,311910
Andhra Pradesh,Kothapeta,Kothapeta,533233,andhra-pradesh-kothapeta,298352,227389,167270
Andhra Pradesh,Kothgudem Collieries,Kothgudem Collieries,507101,andhra-pradesh-kothgudem-collieries,449546,379607,247860
Andhra Pradesh,Kovvur,Kovvur,534350,andhra-pradesh-kovvur,397445,315766,299977
Andhra Pradesh,Machilipatnam,Machilipatnam,521001,andhra-pradesh-machilipatnam,2330085,1661745,1380906
Andhra Pradesh,Mahabubnagar,Mahabubnagar,509001,andhra-pradesh-mahabubnagar,53467,43887,37106
Andhra Pradesh,Mahbubabad,Mahbubabad,506101,andhra-pradesh-mahbubabad,634532,514629,488897
Andhra Pradesh,Mancherial,Mancherial,504208,andhra-pradesh-mancherial,576256,491746,430765
Andhra Pradesh,Mandapeta,Mandapeta,533308,andhra-pradesh-mandapeta,664717,496768,393223
Andhra Pradesh,Mangalagiri,Mangalagiri,522203,andhra-pradesh-mangalagiri,202563,172061,119699
Andhra Pradesh,Markapur,Markapur,523316,andhra-pradesh-markapur,295773,220912,209866
Andhra Pradesh,Masanapalle,Masanapalle,517325,andhra-pradesh-masanapalle,855467,776542,580603
Andhra Pradesh,Medak,Medak,502110,andhra-pradesh-medak,258413,183904,144594
Andhra Pradesh,Mriyalguda,Mriyalguda,508207,andhra-pradesh-mriyalguda,341103,274918,250227
Andhra Pradesh,Nalgonda,Nalgonda,508001,andhra-pradesh-nalgonda,28886,21610,16455
Andhra Pradesh,Nandyal,Nandyal,518501,andhra-pradesh-nandyal,907840,650381,617861
Andhra Pradesh,Narasipatnam,Narasipatnam,531116,andhra-pradesh-narasipatnam,3816964,3282667,2583892
Andhra Pradesh,Nayudupeta,Nayudupeta,524126,andhra-pradesh-nayudupeta,547722,454478,302417
Andhra Pradesh,Nellore,Nellore,524001,andhra-pradesh-nellore,829321,642676,610542
Andhra Pradesh,Nizamabad,Nizamabad,503001,andhra-pradesh-nizamabad,302434,243449,231276
Andhra Pradesh,Nuzuid,Nuzuid,521201,andhra-pradesh-nuzuid,423134,306077,290773
Andhra Pradesh,Ongole,Ongole,523001,andhra-pradesh-ongole,264178,236765,230384
Andhra Pradesh,Palakol,Palakol,534260,andhra-pradesh-palakol,494391,376546,336212
Andhra Pradesh,Palmaner,Palmaner,517408,andhra-pradesh-palmaner,919783,818955,653198
Andhra Pradesh,Parkal,Parkal,506164,andhra-pradesh-parkal,165262,119547,113569
Andhra Pradesh,Parvathipuram,Parvathipuram,532501,andhra-pradesh-parvathipuram,666806,512612,390620
Andhra Pradesh,Peddapalli,Peddapalli,505172,andhra-pradesh-peddapalli,709348,535036,450658
Andhra Pradesh,Proddatur,Proddatur,516360,andhra-pradesh-proddatur,461507,355998,351549
Andhra Pradesh,Pulivendla,Pulivendla,516115,andhra-pradesh-pulivendla,464765,340869,323825
Andhra Pradesh,Rajampet,Rajampet,516115,andhra-pradesh-rajampet,89823,66590,63260
Andhra Pradesh,Rajamundry,Rajamundry,533101,andhra-pradesh-rajamundry,692660,576368,523704
Andhra Pradesh,Ramachandrapuram,Ramachandrapuram,533255,andhra-pradesh-ramachandrapuram,532408,411633,391051
Andhra Pradesh,Razole,Razole,533342,andhra-pradesh-razole,114214,87709,82857
Andhra Pradesh,Repalle,Repalle,522265,andhra-pradesh-repalle,862383,742074,704970
Andhra Pradesh,Samalkot,Samalkot,533440,andhra-pradesh-samalkot,512206,399668,379684
Andhra Pradesh,Sangareddy,Sangareddy,502001,andhra-pradesh-sangareddy,253912,200857,161694
Andhra Pradesh,Sattenapalle,Sattenapalle,522403,andhra-pradesh-sattenapalle,747194,533744,507056
Andhra Pradesh,Secunderabad,Secunderabad,500003,andhra-pradesh-secunderabad,641826,481127,371732
Andhra Pradesh,Shrikakulam,Shrikakulam,532001,andhra-pradesh-shrikakulam,49934,45657,30532
Andhra Pradesh,Shrikalahasti,Shrikalahasti,517644,andhra-pradesh-shrikalahasti,565019,513014,446643
Andhra Pradesh,Siddipet,Siddipet,502103,andhra-pradesh-siddipet,654752,476916,468750
Andhra Pradesh,Station Jadcheral,Station Jadcheral,509301,andhra-pradesh-station-jadcheral,733074,548113,521685
Andhra Pradesh,Station Kachiguda,Station Kachiguda,500027,andhra-pradesh-station-kachiguda,82831,75251,53173
Andhra Pradesh,Suryapet,Suryapet,508213,andhra-pradesh-suryapet,418388,362418,308139
Andhra Pradesh,Tadepalligudam,Tadepalligudam,534101,andhra-pradesh-tadepalligudam,157044,115849,98263
Andhra Pradesh,Tadpatri,Tadpatri,515411,andhra-pradesh-tadpatri,662023,597184,367292
Andhra Pradesh,Tandur,Tandur,501141,andhra-pradesh-tandur,787686,600795,570755
Andhra Pradesh,Tanuku,Tanuku,534211,andhra-pradesh-tanuku,318862,293276,214135
Andhra Pradesh,Tekkali,Tekkali,532201,andhra-pradesh-tekkali,53714,37755,37295
Andhra Pradesh,Tenali,Tenali,522201,andhra-pradesh-tenali,622119,565280,447029
Andhra Pradesh,Tirupati,Tirupati,517501,andhra-pradesh-tirupati,893976,715387,577989
Andhra Pradesh,Trimulgherry,Trimulgherry,500015,andhra-pradesh-trimulgherry,593009,425815,410612
Andhra Pradesh,Vijaywada,Vijaywada,520001,andhra-pradesh-vijaywada,662337,519470,493496
Andhra Pradesh,Vikarabad,Vikarabad,501101,andhra-pradesh-vikarabad,434470,336483,272376
Andhra Pradesh,Visakhapatnam,Visakhapatnam,530001,andhra-pradesh-visakhapatnam,4847664,4070450,3837570
Andhra Pradesh,Vizianagaram,Vizianagaram,531202,andhra-pradesh-vizianagaram,550231,448228,346751
Andhra Pradesh,Waltair R.S.,Waltair R.S.,530004,andhra-pradesh-waltair-r-s,844534,752910,472651
Andhra Pradesh,Wanaparthy,Wanaparthy,509103,andhra-pradesh-wanaparthy,222186,203852,131578
Andhra Pradesh,Warangal,Warangal,506002,andhra-pradesh-warangal,595562,522880,425785
Andhra Pradesh,Zahirabad,Zahirabad,502220,andhra-pradesh-zahirabad,86915,68701,53112
Arunachal Pradesh,Along,Along,791001,arunachal-pradesh-along,178223,149150,147336
Arunachal Pradesh,Anini,Anini,792101,arunachal-pradesh-anini,630128,568228,514008
Arunachal Pradesh,Changlang,Changlang,792120,arunachal-pradesh-changlang,868237,643117,555183
Arunachal Pradesh,Chaokham,Chaokham,792104,arunachal-pradesh-chaokham,474924,339735,322748
Arunachal Pradesh,Daporizo,Daporizo,791122,arunachal-pradesh-daporizo,322245,281450,198411
Arunachal Pradesh,Deomali,Deomali,786629,arunachal-pradesh-deomali,124274,91439,78934
Arunachal Pradesh,Dirang,Dirang,790101,arunachal-pradesh-dirang,584199,509565,384796
Arunachal Pradesh,Doimukh,Doimukh,791112,arunachal-pradesh-doimukh,609221,559568,444706
Arunachal Pradesh,Hayuliyang,Hayuliyang,792102,arunachal-pradesh-hayuliyang,112920,82901,72142
Arunachal Pradesh,Hill top,Hill top,791103,arunachal-pradesh-hill-top,207531,166902,158556
Arunachal Pradesh,Ingkiyong,Ingkiyong,791002,arunachal-pradesh-ingkiyong,604433,446502,424176
Arunachal Pradesh,Itanagar G.P.O,Itanagar G.P.O,791111,arunachal-pradesh-itanagar-g-p-o,776961,593104,563448
Arunachal Pradesh,Kalkalang,Kalkalang,790002,arunachal-pradesh-kalkalang,690605,542211,515100
Arunachal Pradesh,Khousa,Khousa,786630,arunachal-pradesh-khousa,864443,614120,563752
Arunachal Pradesh,Kimin,Kimin,791121,arunachal-pradesh-kimin,123140,110416,90729
Arunachal Pradesh,Langding,Langding,786631,arunachal-pradesh-langding,218417,170778,162239
Arunachal Pradesh,Likabili,Likabili,791125,arunachal-pradesh-likabili,896071,822161,669349
Arunachal Pradesh,Mebo,Mebo,791104,arunachal-pradesh-mebo,195226,151039,143487
Arunachal Pradesh,Mechuka,Mechuka,792051,arunachal-pradesh-mechuka,254207,184706,140621
Arunachal Pradesh,Meeo,Meeo,792122,arunachal-pradesh-meeo,183783,133756,127068
Arunachal Pradesh,Naharlagon,Naharlagon,791110,arunachal-pradesh-naharlagon,630609,493190,364216
Arunachal Pradesh,Nampong,Nampong,792123,arunachal-pradesh-nampong,227348,191187,177419
Arunachal Pradesh,Namsai,Namsai,792103,arunachal-pradesh-namsai,264701,214892,200580
Arunachal Pradesh,Nirjuli,Nirjuli,791109,arunachal-pradesh-nirjuli,911544,647728,615341
Arunachal Pradesh,Pasighat,Pasighat,791102,arunachal-pradesh-pasighat,784201,568357,539939
Arunachal Pradesh,Ramkrishna Mission,Ramkrishna Mission,791113,arunachal-pradesh-ramkrishna-mission,271247,223589,165510
Arunachal Pradesh,Roing,Roing,792110,arunachal-pradesh-roing,194061,173867,120794
Arunachal Pradesh,Saijussa,Saijussa,790103,arunachal-pradesh-saijussa,675132,554263,472616
Arunachal Pradesh,Senpura,Senpura,792111,arunachal-pradesh-senpura,316736,276716,233749
Arunachal Pradesh,Seppa,Seppa,790102,arunachal-pradesh-seppa,324283,262819,235346
Arunachal Pradesh,Vijay nagar,Vijay nagar,792055,arunachal-pradesh-vijay-nagar,592530,517227,436234
Assam,Barpeta,Barpeta,781301,assam-barpeta,373443,292736,247972
Assam,Dhubri,Dhubri,783301,assam-dhubri,577431,453549,440679
Assam,Dibrugarh,Dibrugarh,786001,assam-dibrugarh,623122,445114,354809
Assam,Guwahati,Guwahati,781001,assam-guwahati,687653,488462,464038
Assam,Guwahati University,Guwahati University,781014,assam-guwahati-university,174509,151451,118527
Assam,Karimganj,Karimganj,788710,assam-karimganj,701009,521171,495112
Assam,Mangaldoi,Mangaldoi,784125,assam-mangaldoi,886890,676475,620840
Assam,Nagaon,Nagaon,782001,assam-nagaon,766042,697241,584012
Assam,Nalbari,Nalbari,781335,assam-nalbari,392110,296451,281628
Assam,North Lakhimpur,North Lakhimpur,787001,assam-north-lakhimpur,841564,616669,519849
Assam,Sibsagar,Sibsagar,785640,assam-sibsagar,506556,440591,335487
Assam,Silchar,Silchar,788001,assam-silchar,611674,490847,347669
Assam,Tezpur,Tezpur,784001,assam-tezpur,34275,29248,19065
Assam,Tinsukia,Tinsukia,786125,assam-tinsukia,392413,314332,261494
Bihar,Arrah,Arrah,802301,bihar-arrah,222057,174528,165801
Bihar,Aurangabad,Aurangabad,824101,bihar-aurangabad,540120,468295,375883
Bihar,Baidyanadh Deoghar,Baidyanadh Deoghar,814112,bihar-baidyanadh-deoghar,570112,442198,417903
Bihar,Banka,Banka,813102,bihar-banka,862994,779970,649428
Bihar,Begusarai,Begusarai,851101,bihar-begusarai,355521,323259,300642
Bihar,Bettaih,Bettaih,845438,bihar-bettaih,69303,62280,49548
Bihar,Bhagalpur,Bhagalpur,812001,bihar-bhagalpur,38306,33931,22525
Bihar,Bhattason,Bhattason,841460,bihar-bhattason,442964,359790,271166
Bihar,Bihar Shariff,Bihar Shariff,803101,bihar-bihar-shariff,317680,267842,260441
Bihar,Bokaro Steel City,Bokaro Steel City,827001,bihar-bokaro-steel-city,609522,479797,448531
Bihar,Buzar,Buzar,802101,bihar-buzar,214013,196470,170951
Bihar,Chaibasa,Chaibasa,833201,bihar-chaibasa,389705,318307,302391
Bihar,Chapra,Chapra,841301,bihar-chapra,212819,172215,138850
Bihar,Daltonganj,Daltonganj,822101,bihar-daltonganj,649787,455812,433021
Bihar,Darbhanga,Darbhanga,846004,bihar-darbhanga,581207,457546,406353
Bihar,Dhanbad,Dhanbad,826001,bihar-dhanbad,530713,442015,368673
Bihar,Dumka,Dumka,814101,bihar-dumka,329189,300345,252718
Bihar,Gaya,Gaya,823001,bihar-gaya,792780,633137,601480
Bihar,Giridih,Giridih,815301,bihar-giridih,668337,560006,502629
Bihar,Gopalganj,Gopalganj,841428,bihar-gopalganj,30189,22586,20962
Bihar,Gumla,Gumla,835207,bihar-gumla,120985,88588,75838
Bihar,Hajipur,Hajipur,844101,bihar-hajipur,521970,406531,360639
Bihar,Hazaribagh,Hazaribagh,825301,bihar-hazaribagh,53640,47691,32901
Bihar,Hinoo,Hinoo,834002,bihar-hinoo,53766,44032,36747
Bihar,Kathihar,Kathihar,854105,bihar-kathihar,173021,131697,101476
Bihar,Laheriasarai,Laheriasarai,846001,bihar-laheriasarai,547860,503089,448600
Bihar,Madhubani,Madhubani,847211,bihar-madhubani,779190,655255,456618
Bihar,Marhowrah,Marhowrah,841418,bihar-marhowrah,615572,541703,346669
Bihar,Monghyr,Monghyr,811201,bihar-monghyr,355561,318232,270509
Bihar,Motihari,Motihari,845401,bihar-motihari,410362,298346,283428
Bihar,Muzaffarpur,Muzaffarpur,842001,bihar-muzaffarpur,61905,49433,35541
Bihar,Nawada,Nawada,805110,bihar-nawada,710309,638067,564176
Bihar,Patna G.P.O,Patna G.P.O,800001,bihar-patna-g-p-o,3693566,2757708,2313383
Bihar,Purnea,Purnea,854301,bihar-purnea,796485,624902,593656
Bihar,Ramgarh Cantt.,Ramgarh Cantt.,829112,bihar-ramgarh-cantt,814289,616247,554490
Bihar,Ranchi,Ranchi,834001,bihar-ranchi,511827,360686,291427
Bihar,Saharsa,Saharsa,852201,bihar-saharsa,862559,736370,665941
Bihar,Samastipur,Samastipur,848101,bihar-samastipur,112368,96038,78616
Bihar,Sasaram,Sasaram,821115,bihar-sasaram,431146,320520,281990
Bihar,Sitamarhi,Sitamarhi,843301,bihar-sitamarhi,204052,167023,155642
Bihar,Siwan,Siwan,841226,bihar-siwan,329956,272407,258786
Gujarat,Ahmedabad,Ahmedabad,380001,gujarat-ahmedabad,12932262,11439952,9714744
Gujarat,Amreli,Amreli,364601,gujarat-amreli,137013,123305,110286
Gujarat,Anand,Anand,388001,gujarat-anand,436993,394853,250128
Gujarat,Bharuch,Bharuch,392001,gujarat-bharuch,501055,407567,370714
Gujarat,Bhavnagar,Bhavnagar,364001,gujarat-bhavnagar,553500,495980,439220
Gujarat,Bhuj,Bhuj,370001,gujarat-bhuj,846062,772427,537420
Gujarat,Bilimora,Bilimora,396321,gujarat-bilimora,590513,510545,377010
Gujarat,Bordoli,Bordoli,394601,gujarat-bordoli,163742,147739,94924
Gujarat,Botad,Botad,364710,gujarat-botad,799209,560974,479549
Gujarat,Dabhoi,Dabhoi,391110,gujarat-dabhoi,298238,219753,204336
Gujarat,Dahod,Dahod,389151,gujarat-dahod,776524,664090,594201
Gujarat,Dholka,Dholka,387810,gujarat-dholka,905254,829136,690920
Goa,A.I.O. Donna Paula,A.I.O. Donna Paula,403004,goa-a-i-o-donna-paula,629153,482948,458800
Goa,Aldona,Aldona,403508,goa-aldona,783300,649713,617227
Goa,Betul,Betul,403603,goa-betul,735282,646997,575666
Goa,Chikhli,Chikhli,403711,goa-chikhli,246700,177318,154311
Goa,Dhampur,Dhampur,403504,goa-dhampur,704844,508190,488133
Goa,Dicholi,Dicholi,403705,goa-dicholi,516557,412648,294125
Goa,Kandoli,Kandoli,403515,goa-kandoli,858018,700413,665392
Goa,Kantolim,Kantolim,403710,goa-kantolim,290194,242871,224603
Goa,Kasavali,Kasavali,403712,goa-kasavali,850094,697568,662689
Goa,Kavlem,Kavlem,403410,goa-kavlem,120139,93954,84462
Goa,Kuvep,Kuvep,403705,goa-kuvep,737010,618663,612130
Goa,Loleim,Loleim,403728,goa-loleim,313820,244506,231533
Goa,Majorda,Majorda,403723,goa-majorda,519381,424168,318647
Goa,Mandgaon G.P.O,Mandgaon G.P.O,403601,goa-mandgaon-g-p-o,516408,383495,364320
Goa,Mepusa,Mepusa,403507,goa-mepusa,131265,107226,104555
Goa,Murgaon,Murgaon,403803,goa-murgaon,478207,361448,355052
Goa,Nevare,Nevare,403104,goa-nevare,752945,544788,440360
Goa,Nuvem,Nuvem,403604,goa-nuvem,224231,168136,159729
Goa,Panaji G.P.O,Panaji G.P.O,403711,goa-panaji-g-p-o,69109,54780,52041
Goa,Santacruz,Santacruz,403005,goa-santacruz,774565,583020,553869
Goa,Shiroda,Shiroda,403103,goa-shiroda,70229,62988,59922
Goa,Shivali,Shivali,403517,goa-shivali,897103,667047,503590
Goa,Tisk,Tisk,403406,goa-tisk,386849,285312,271046
Goa,Vasco Da Gama,Vasco Da Gama,403802,goa-vasco-da-gama,678018,505107,479851
Goa,Vela,Vela,412212,goa-vela,643906,553396,493071
Gujarat,Disa,Disa,385535,gujarat-disa,62800,44622,38660
Gujarat,Gandhi Nagar,Gandhi Nagar,382010,gujarat-gandhi-nagar,606061,548544,418259
Gujarat,Godhra,Godhra,389001,gujarat-godhra,103152,89190,77257
Gujarat,Gondal,Gondal,360311,gujarat-gondal,741527,619372,588403
Gujarat,Himat Nagar,Himat Nagar,383001,gujarat-himat-nagar,370907,324612,295291
Gujarat,Kalol,Kalol,382721,gujarat-kalol,861969,604665,574431
Gujarat,Khambhalia,Khambhalia,361305,gujarat-khambhalia,100498,85909,83397
Gujarat,Kheda,Kheda,387411,gujarat-kheda,644596,532078,456146
Gujarat,Madasa,Madasa,383315,gujarat-madasa,452766,346587,278573
Gujarat,Mahesana,Mahesana,384001,gujarat-mahesana,535304,407057,339894
Gujarat,Mandvi,Mandvi,370465,gujarat-mandvi,83670,73280,66049
Gujarat,Morbi,Morbi,363641,gujarat-morbi,866877,640158,614019
Gujarat,Nadiad,Nadiad,387001,gujarat-nadiad,164637,144856,134083
Gujarat,Navrangpura,Navrangpura,380009,gujarat-navrangpura,125270,92374,87755
Gujarat,Navsari,Navsari,396445,gujarat-navsari,290655,224402,159960
Gujarat,Palanpur,Palanpur,385001,gujarat-palanpur,591427,519101,514010
Gujarat,Patan,Patan,384265,gujarat-patan,445586,387180,293832
Gujarat,Porbandar,Porbandar,360575,gujarat-porbandar,606622,441447,419374
Gujarat,Rajkot,Rajkot,360001,gujarat-rajkot,408128,303956,271191
Gujarat,Revdi Bazaar,Revdi Bazaar,380002,gujarat-revdi-bazaar,754057,629717,474087
Gujarat,Surat,Surat,395003,gujarat-surat,4750026,3605278,3425014
Gujarat,Surendra Nagar,Surendra Nagar,363001,gujarat-surendra-nagar,402081,354450,226608
Gujarat,Unjha,Unjha,384170,gujarat-unjha,73839,59460,53779
Gujarat,Vadodara,Vadodara,390001,gujarat-vadodara,2199709,1969297,1637830
Gujarat,Vajapur,Vajapur,382870,gujarat-vajapur,205942,183687,137651
Gujarat,Valsad,Valsad,396001,gujarat-valsad,270648,200536,190509
Gujarat,Veraval,Veraval,362265,gujarat-veraval,152165,124959,101116
Gujarat,Visnagar,Visnagar,384315,gujarat-visnagar,441738,346747,246899
Haryana,Ambala Cantt.,Ambala Cantt.,133001,haryana-ambala-cantt,704832,566691,565764
Haryana,Ambala City,Ambala City,133003,haryana-ambala-city,199815,164574,141482
Haryana,Bahadurgarh,Bahadurgarh,125417,haryana-bahadurgarh,807183,603756,467735
Haryana,Bhivani,Bhivani,125021,haryana-bhivani,673422,579473,485037
Haryana,Faridabad,Faridabad,121001,haryana-faridabad,562818,501714,404734
Haryana,Gohana,Gohana,124301,haryana-gohana,452308,340296,323281
Haryana,Gurgaon,Gurgaon,122001,haryana-gurgaon,253981,188606,179175
Haryana,Hissar,Hissar,125001,haryana-hissar,777778,595497,523865
Haryana,Karnal,Karnal,132001,haryana-karnal,839720,695075,660321
Haryana,Kurukshetra,Kurukshetra,132118,haryana-kurukshetra,266796,229436,174695
Haryana,Narnaul,Narnaul,123001,haryana-narnaul,301405,211440,205028
Haryana,Panipat,Panipat,132103,haryana-panipat,883105,790273,521486
Haryana,Rohtak,Rohtak,124001,haryana-rohtak,669004,478944,454996
Haryana,Sirsa,Sirsa,125055,haryana-sirsa,567834,443224,400032
Haryana,Sonepat,Sonepat,131001,haryana-sonepat,660040,504557,479329
Himachal Pradesh,Barsar,Barsar,174305,himachal-pradesh-barsar,380597,310625,267562
Himachal Pradesh,Bilaspur,Bilaspur,174001,himachal-pradesh-bilaspur,66390,60391,53582
Himachal Pradesh,Chamba,Chamba,176310,himachal-pradesh-chamba,216367,163215,155054
Himachal Pradesh,Dehra Gopipur,Dehra Gopipur,177101,himachal-pradesh-dehra-gopipur,761724,603078,572924
Himachal Pradesh,Dhramsala,Dhramsala,176215,himachal-pradesh-dhramsala,153266,109182,103722
Himachal Pradesh,Hamirpur,Hamirpur,177001,himachal-pradesh-hamirpur,38441,30653,26322
Himachal Pradesh,Kangra,Kangra,176001,himachal-pradesh-kangra,692592,569139,540682
Himachal Pradesh,Kullu,Kullu,175101,himachal-pradesh-kullu,567540,472038,424115
Himachal Pradesh,Mandi,Mandi,175001,himachal-pradesh-mandi,291088,227843,219613
Himachal Pradesh,Nahan,Nahan,173001,himachal-pradesh-nahan,803433,738869,502726
Himachal Pradesh,Palampur,Palampur,176061,himachal-pradesh-palampur,242483,182979,178211
Himachal Pradesh,Rampur Bushahr,Rampur Bushahr,172001,himachal-pradesh-rampur-bushahr,485417,349416,308411
Himachal Pradesh,Recong Peo,Recong Peo,172107,himachal-pradesh-recong-peo,270175,213051,202398
Himachal Pradesh,Shimla,Shimla,171001,himachal-pradesh-shimla,219079,170754,162216
Himachal Pradesh,Solan,Solan,173212,himachal-pradesh-solan,677987,516230,394355
Himachal Pradesh,Sundernagar Township,Sundernagar Township,174402,himachal-pradesh-sundernagar-township,473212,425931,321231
Himachal Pradesh,Una,Una,174303,himachal-pradesh-una,348747,306350,202267
Jammu & Kashmir,Anantnag,Anantnag,192101,jammu-and-kashmir-anantnag,281217,234189,222479
Jammu & Kashmir,Baramulla,Baramulla,193101,jammu-and-kashmir-baramulla,141652,99885,94890
Jammu & Kashmir,Gandhinagar,Gandhinagar,180004,jammu-and-kashmir-gandhinagar,794537,673838,659619
Jammu & Kashmir,Kathua,Kathua,184101,jammu-and-kashmir-kathua,83978,65316,53163
Jammu & Kashmir,Leh,Leh,194101,jammu-and-kashmir-leh,372284,308465,287812
Jammu & Kashmir,Rajouri,Rajouri,185131,jammu-and-kashmir-rajouri,208079,164379,156160
Jammu & Kashmir,Srinagar GPO,Srinagar GPO,190001,jammu-and-kashmir-srinagar-gpo,473379,413505,350351
Jammu & Kashmir,Udhampur,Udhampur,182101,jammu-and-kashmir-udhampur,35384,28792,20733
Karnataka,Arsikere,Arsikere,573103,karnataka-arsikere,921156,775100,674761
Karnataka,Athni,Athni,591304,karnataka-athni,405616,327029,310677
Karnataka,Bagalkot,Bagalkot,587101,karnataka-bagalkot,27829,21496,18686
Karnataka,Bailhongal,Bailhongal,591102,karnataka-bailhongal,290641,243197,197050
Karnataka,Bangalore City,Bangalore City,560002,karnataka-bangalore-city,7332697,5830230,4993099
Karnataka,Bangalore G.P.O.,Bangalore G.P.O.,560001,karnataka-bangalore-g-p-o,10384544,7396030,6295692
Karnataka,Basavanagudi,Basavanagudi,560004,karnataka-basavanagudi,146392,118118,107169
Karnataka,Belgaum,Belgaum,590001,karnataka-belgaum,176813,129724,106151
Karnataka,Bellary,Bellary,583101,karnataka-bellary,143878,129120,112297
Karnataka,Bhadravathi,Bhadravathi,577301,karnataka-bhadravathi,692430,589245,437080
Karnataka,Bidar,Bidar,585401,karnataka-bidar,700721,640204,438590
Karnataka,Bijapur,Bijapur,586101,karnataka-bijapur,267749,191549,168394
Karnataka,Channapatna,Channapatna,571501,karnataka-channapatna,2045719,1720844,1634801
Karnataka,Chickballapur,Chickballapur,562101,karnataka-chickballapur,50963,39101,38456
Karnataka,Chickmagalur,Chickmagalur,577101,karnataka-chickmagalur,31919,28592,18821
Karnataka,Chikodi,Chikodi,591201,karnataka-chikodi,119158,105750,93543
Karnataka,Chitradurga,Chitradurga,577501,karnataka-chitradurga,244949,194731,184994
Karnataka,Davangere,Davangere,577001,karnataka-davangere,496832,373200,354540
Karnataka,Dharwad,Dharwad,580001,karnataka-dharwad,223943,180355,171337
Karnataka,Gadag,Gadag,582101,karnataka-gadag,259468,230007,222907
Karnataka,Gokak,Gokak,591307,karnataka-gokak,550270,438487,409097
Karnataka,Gulbarga,Gulbarga,585101,karnataka-gulbarga,426903,329845,304305
Karnataka,HAL II Stage,HAL II Stage,560008,karnataka-hal-ii-stage,76194,69441,49469
Karnataka,Harapanhalli,Harapanhalli,583131,karnataka-harapanhalli,840614,666143,651761
Karnataka,Hassan,Hassan,573201,karnataka-hassan,756556,592951,453781
Karnataka,Haveri,Haveri,581110,karnataka-haveri,907150,661794,576480
Karnataka,Hospet,Hospet,583201,karnataka-hospet,591154,438033,416131
Karnataka,Hubli,Hubli,580020,karnataka-hubli,347111,296888,223498
Karnataka,Hukeri,Hukeri,591309,karnataka-hukeri,891108,675358,616717
Karnataka,Indi,Indi,586209,karnataka-indi,654232,495027,360467
Karnataka,Karkala,Karkala,574104,karnataka-karkala,715853,617190,401638
Karnataka,Karwar,Karwar,581301,karnataka-karwar,441759,311084,300739
Karnataka,Kolar,Kolar,563101,karnataka-kolar,211163,167293,137993
Karnataka,Kollegal,Kollegal,571440,karnataka-kollegal,362263,281611,259009
Karnataka,Koppa,Koppa,577126,karnataka-koppa,878177,638693,606758
Karnataka,Koppal,Koppal,583231,karnataka-koppal,483813,408114,392972
Karnataka,Kulashekar,Kulashekar,575005,karnataka-kulashekar,141599,122989,78162
Karnataka,Kumta,Kumta,581343,karnataka-kumta,171460,133064,107918
Karnataka,Kundapura,Kundapura,576201,karnataka-kundapura,78625,60899,47246
Karnataka,Madikeri,Madikeri,571201,karnataka-madikeri,515689,384095,331198
Karnataka,Mandya,Mandya,571401,karnataka-mandya,717777,597063,481861
Karnataka,Mangalore,Mangalore,575001,karnataka-mangalore,279878,205188,196221
Karnataka,Manipal,Manipal,576119,karnataka-manipal,598629,529327,485151
Karnataka,Muddebihal,Muddebihal,586212,karnataka-muddebihal,511595,433504,344802
Karnataka,Mysore,Mysore,570001,karnataka-mysore,389088,353752,234226
Karnataka,Nanjangud,Nanjangud,571301,karnataka-nanjangud,350497,265025,251773
Karnataka,Nargund,Nargund,582207,karnataka-nargund,466904,423220,337947
Karnataka,Puttur,Puttur,574201,karnataka-puttur,120200,100536,81702
Karnataka,Rabindranath Tagore Nagar,Rabindranath Tagore Nagar,560032,karnataka-rabindranath-tagore-nagar,703512,625181,616300
Karnataka,Raibag,Raibag,591317,karnataka-raibag,103294,76582,60055
Karnataka,Raichur,Raichur,584101,karnataka-raichur,463327,415453,312663
Karnataka,Rajaji Nagar,Rajaji Nagar,560010,karnataka-rajaji-nagar,41713,31014,25496
Karnataka,Ramdurg,Ramdurg,591123,karnataka-ramdurg,575160,456719,388415
Karnataka,Rannebennur,Rannebennur,581115,karnataka-rannebennur,697584,544875,488613
Karnataka,Sagar,Sagar,577401,karnataka-sagar,354439,270881,248822
Karnataka,Saraswathipuram,Saraswathipuram,570009,karnataka-saraswathipuram,313399,277425,192417
Karnataka,Shahabad,Shahabad,585228,karnataka-shahabad,374069,264749,251511
Karnataka,Shimoga,Shimoga,577201,karnataka-shimoga,615652,483713,413088
Karnataka,Shorapur,Shorapur,585224,karnataka-shorapur,819073,659999,646518
Karnataka,Sirsi,Sirsi,581401,karnataka-sirsi,558303,502348,311052
Karnataka,Srirangapatna,Srirangapatna,571438,karnataka-srirangapatna,2207195,1743664,1462262
Karnataka,Sullia,Sullia,574239,karnataka-sullia,448001,324321,308104
Karnataka,Tilakwadi East,Tilakwadi East,590006,karnataka-tilakwadi-east,397774,279700,265715
Karnataka,Tiptur,Tiptur,572201,karnataka-tiptur,536479,481125,426399
Karnataka,Tumkur,Tumkur,572101,karnataka-tumkur,137716,112067,106463
Karnataka,Udupi,Udupi,576101,karnataka-udupi,341397,304706,237964
Karnataka,Yadagiri,Yadagiri,585201,karnataka-yadagiri,457357,374421,267315
Kerala,Adur,Adur,691523,kerala-adur,916511,674041,650946
Kerala,Alathur,Alathur,678541,kerala-alathur,749792,632641,601008
Kerala,Allappuzha,Allappuzha,688001,kerala-allappuzha,423108,320325,304308
Kerala,Aluva,Aluva,683101,kerala-aluva,689013,589592,560112
Kerala,Attungal,Attungal,695101,kerala-attungal,62249,44236,42661
Kerala,Chalakudi,Chalakudi,680307,kerala-chalakudi,314062,223250,212087
Kerala,Chenganacherry,Chenganacherry,686101,kerala-chenganacherry,884033,713535,491935
Kerala,Chengannur,Chengannur,689121,kerala-chengannur,881300,783203,533063
Kerala,Cherthala,Cherthala,688524,kerala-cherthala,374996,318971,207904
Kerala,Ernakulam,Ernakulam,682011,kerala-ernakulam,918435,728971,652715
Kerala,Irinjalakuda,Irinjalakuda,680121,kerala-irinjalakuda,541534,415881,363432
Kerala,Kalpett,Kalpett,673121,kerala-kalpett,248521,196699,165184
Kerala,Kanhangad,Kanhangad,673315,kerala-kanhangad,410953,376519,270257
Kerala,Kanjeri,Kanjeri,676121,kerala-kanjeri,823090,753708,464743
Kerala,Kanjirapally,Kanjirapally,686507,kerala-kanjirapally,71920,52134,49527
Kerala,Kannur,Kannur,670001,kerala-kannur,302490,220771,209732
Kerala,Karunagapally,Karunagapally,690518,kerala-karunagapally,770462,664874,495877
Kerala,Kasaragod,Kasaragod,671121,kerala-kasaragod,721132,661742,512128
Kerala,Kattappana,Kattappana,685508,kerala-kattappana,342855,284111,218025
Kerala,Kayamkulam,Kayamkulam,690502,kerala-kayamkulam,579713,486362,452684
Kerala,Kochi,Kochi,682001,kerala-kochi,2026395,1477040,1293277
Kerala,Kollam,Kollam,691001,kerala-kollam,191916,158472,112557
Kerala,Kottarakara,Kottarakara,691506,kerala-kottarakara,144593,126642,103779
Kerala,Kottayam,Kottayam,686001,kerala-kottayam,513502,376952,317149
Kerala,Kozhikode,Kozhikode,673001,kerala-kozhikode,212133,187421,124348
Kerala,Kozhikode Civil Station,Kozhikode Civil Station,673020,kerala-kozhikode-civil-station,751272,580123,551116
Kerala,Kunnamkulam,Kunnamkulam,680503,kerala-kunnamkulam,269808,203331,169830
Kerala,Malappuram,Malappuram,676505,kerala-malappuram,370026,339429,215069
Kerala,Mavelikara,Mavelikara,690101,kerala-mavelikara,594790,448773,447160
Kerala,Muvattupuzha,Muvattupuzha,686661,kerala-muvattupuzha,556109,478186,443785
Kerala,Neyyattinkara,Neyyattinkara,695121,kerala-neyyattinkara,633046,577249,351991
Kerala,Olavakkot,Olavakkot,678002,kerala-olavakkot,332741,301752,271700
Kerala,Ottapalm,Ottapalm,679101,kerala-ottapalm,458238,329886,276005
Kerala,Palai,Palai,686575,kerala-palai,189268,151398,150062
Kerala,Palakkad,Palakkad,678001,kerala-palakkad,34189,25442,24169
Kerala,Pathanamthitta,Pathanamthitta,689645,kerala-pathanamthitta,140085,111558,98540
Kerala,Perumbavoor,Perumbavoor,683542,kerala-perumbavoor,874089,782631,490053
Kerala,Ponani,Ponani,679577,kerala-ponani,814550,667613,543120
Kerala,Punalur,Punalur,691305,kerala-punalur,117918,87282,82917
Kerala,Quilandy,Quilandy,673305,kerala-quilandy,923689,801942,728936
Kerala,Taliparamba,Taliparamba,670141,kerala-taliparamba,694930,514976,492893
Kerala,Thalassery,Thalassery,670101,kerala-thalassery,118164,83440,79268
Kerala,Thiruvananthapuram,Thiruvananthapuram,695001,kerala-thiruvananthapuram,87178,65097,61842
Kerala,Thodupuzha,Thodupuzha,685584,kerala-thodupuzha,894351,772724,766112
Kerala,Thrissur,Thrissur,680001,kerala-thrissur,96506,75069,55042
Kerala,Thycaud,Thycaud,695014,kerala-thycaud,408659,366693,288521
Kerala,Tirur,Tirur,676101,kerala-tirur,205669,162398,134388
Kerala,Tiruvalla,Tiruvalla,689101,kerala-tiruvalla,737661,567138,538781
Kerala,Vadakancherry,Vadakancherry,680582,kerala-vadakancherry,494336,392512,372886
Kerala,Vadakara,Vadakara,673101,kerala-vadakara,798865,687768,617515
Kerala,Vaikom,Vaikom,686141,kerala-vaikom,849373,662921,629774
Lakshadweep,Ambalmukal,Ambalmukal,682302,lakshadweep-ambalmukal,509654,405033,323861
Lakshadweep,Amini,Amini,682552,lakshadweep-amini,56807,42061,41457
Lakshadweep,Androth,Androth,682551,lakshadweep-androth,887429,761212,612441
Lakshadweep,Ashikkal,Ashikkal,682510,lakshadweep-ashikkal,99054,85083,65763
Lakshadweep,Kadnat,Kadnat,682556,lakshadweep-kadnat,559922,409236,320461
Lakshadweep,Kaknad,Kaknad,682030,lakshadweep-kaknad,474347,395297,297873
Lakshadweep,Kalpeni,Kalpeni,682557,lakshadweep-kalpeni,388143,314836,259129
Lakshadweep,Minicoy,Minicoy,682529,lakshadweep-minicoy,352865,307906,249105
Madhya Pradesh,Balaghat,Balaghat,481001,madhya-pradesh-balaghat,844679,758093,507265
Madhya Pradesh,Betul,Betul,460001,madhya-pradesh-betul,505959,435794,430893
Madhya Pradesh,Bhilai SB,Bhilai SB,490001,madhya-pradesh-bhilai-sb,409079,296509,281683
Madhya Pradesh,Bhind,Bhind,477001,madhya-pradesh-bhind,785987,666086,622124
Madhya Pradesh,Bhopal BHEL,Bhopal BHEL,462022,madhya-pradesh-bhopal-bhel,3092396,2567888,2310937
Madhya Pradesh,Bhopal C.I.T. Nagar,Bhopal C.I.T. Nagar,462003,madhya-pradesh-bhopal-c-i-t-nagar,3151615,2890023,1882397
Madhya Pradesh,Bhopal G.P.O,Bhopal G.P.O,462001,madhya-pradesh-bhopal-g-p-o,2639297,2178271,1914695
Madhya Pradesh,Bilaspur,Bilaspur,495001,madhya-pradesh-bilaspur,248354,187352,177984
Madhya Pradesh,Chhaindwara,Chhaindwara,480001,madhya-pradesh-chhaindwara,420418,333217,316556
Madhya Pradesh,Chhatarpur City,Chhatarpur City,471001,madhya-pradesh-chhatarpur-city,468126,391002,320234
Madhya Pradesh,Damoh,Damoh,470661,madhya-pradesh-damoh,101309,91862,56011
Madhya Pradesh,Datia,Datia,475661,madhya-pradesh-datia,629553,540630,537025
Madhya Pradesh,Dewas,Dewas,455001,madhya-pradesh-dewas,924343,828854,742880
Madhya Pradesh,Dhar,Dhar,454001,madhya-pradesh-dhar,767709,654846,570579
Madhya Pradesh,Durg,Durg,491001,madhya-pradesh-durg,813702,723881,506686
Madhya Pradesh,Guna,Guna,473001,madhya-pradesh-guna,421461,368526,339240
Madhya Pradesh,Gwalior,Gwalior,474001,madhya-pradesh-gwalior,867666,703295,634419
Madhya Pradesh,Hoshangabad,Hoshangabad,461001,madhya-pradesh-hoshangabad,78774,63591,59181
Madhya Pradesh,Indore,Indore,452001,madhya-pradesh-indore,3449039,2765456,2326008
Madhya Pradesh,Kanker,Kanker,494334,madhya-pradesh-kanker,842499,679080,555437
Madhya Pradesh,Katni,Katni,483501,madhya-pradesh-katni,181621,137457,124768
Madhya Pradesh,Khandwa,Khandwa,450001,madhya-pradesh-khandwa,89699,68619,49473
Madhya Pradesh,Khargone,Khargone,451001,madhya-pradesh-khargone,81527,73087,68543
Madhya Pradesh,Korba,Korba,495667,madhya-pradesh-korba,751214,538958,451183
Madhya Pradesh,Mandla,Mandla,481661,madhya-pradesh-mandla,337450,239534,227557
Madhya Pradesh,Mandsaur,Mandsaur,458001,madhya-pradesh-mandsaur,142703,118397,101648
Madhya Pradesh,Morar,Morar,474006,madhya-pradesh-morar,453716,394412,353786
Madhya Pradesh,Morena,Morena,476001,madhya-pradesh-morena,737442,571008,445075
Madhya Pradesh,Narsinghpur,Narsinghpur,487001,madhya-pradesh-narsinghpur,164636,121102,106804
Madhya Pradesh,Neemuch,Neemuch,458441,madhya-pradesh-neemuch,649689,497789,472899
Madhya Pradesh,Panna,Panna,488001,madhya-pradesh-panna,900351,823261,541443
Madhya Pradesh,Raigarh,Raigarh,496001,madhya-pradesh-raigarh,234759,181696,152341
Madhya Pradesh,Raipur,Raipur,492001,madhya-pradesh-raipur,281639,205437,195165
Madhya Pradesh,Raisen,Raisen,464551,madhya-pradesh-raisen,866705,747626,559022
Madhya Pradesh,Rajgarh,Rajgarh,465661,madhya-pradesh-rajgarh,579416,442681,320077
Madhya Pradesh,Rajnandgaon,Rajnandgaon,491441,madhya-pradesh-rajnandgaon,313781,239124,227167
Madhya Pradesh,Ratlam,Ratlam,457001,madhya-pradesh-ratlam,601474,527912,354199
Madhya Pradesh,Rewa,Rewa,486001,madhya-pradesh-rewa,312683,241743,190499
Madhya Pradesh,Sagar Cantt.,Sagar Cantt.,470001,madhya-pradesh-sagar-cantt,289906,223952,185919
Madhya Pradesh,Santa,Santa,485001,madhya-pradesh-santa,465359,427058,399672
Madhya Pradesh,Sehore,Sehore,466001,madhya-pradesh-sehore,202482,181347,141442
Madhya Pradesh,Seoni,Seoni,480661,madhya-pradesh-seoni,86248,61921,58824
Madhya Pradesh,Shahdol,Shahdol,484001,madhya-pradesh-shahdol,558983,504116,322219
Madhya Pradesh,Shajapur,Shajapur,465001,madhya-pradesh-shajapur,385970,294321,235394
Madhya Pradesh,Shivpuri,Shivpuri,473551,madhya-pradesh-shivpuri,147936,112610,98919
Madhya Pradesh,Sidhi,Sidhi,486661,madhya-pradesh-sidhi,847055,614655,520479
Madhya Pradesh,Tikamgarh,Tikamgarh,472001,madhya-pradesh-tikamgarh,571738,465913,449306
Madhya Pradesh,Ujjain,Ujjain,456001,madhya-pradesh-ujjain,886412,713346,677678
Madhya Pradesh,Vidisha,Vidisha,464001,madhya-pradesh-vidisha,433437,379575,327678
Madhya Pradesh,Yeshwant Road,Yeshwant Road,452004,madhya-pradesh-yeshwant-road,723325,629958,441360
Maharashtra,Ahmednagar,Ahmednagar,414001,maharashtra-ahmednagar,129030,113584,102306
Maharashtra,Akola,Akola,444001,maharashtra-akola,835439,659149,607127
Maharashtra,Amaravati,Amaravati,444601,maharashtra-amaravati,109836,98531,90246
Maharashtra,Aurangabad,Aurangabad,431001,maharashtra-aurangabad,557234,390975,310737
Maharashtra,Buldhana,Buldhana,443001,maharashtra-buldhana,423664,298321,283404
Maharashtra,Chalisgaon,Chalisgaon,424101,maharashtra-chalisgaon,62451,51908,37054
Maharashtra,Chandrapur,Chandrapur,442401,maharashtra-chandrapur,685933,625598,487998
Maharashtra,Chembur,Chembur,400071,maharashtra-chembur,875537,755065,543575
Maharashtra,Chinchbunder,Chinchbunder,400009,maharashtra-chinchbunder,278284,196554,177989
Maharashtra,Chiplun,Chiplun,415605,maharashtra-chiplun,34634,25287,24022
Maharashtra,Dadar,Dadar,400014,maharashtra-dadar,307108,233053,221400
Maharashtra,Dhule,Dhule,424001,maharashtra-dhule,368009,295070,240969
Maharashtra,Ghatkoper East,Ghatkoper East,400086,maharashtra-ghatkoper-east,31985,25619,18722
Maharashtra,Girgaon,Girgaon,400004,maharashtra-girgaon,633021,546418,444728
Maharashtra,Gondia,Gondia,441601,maharashtra-gondia,323717,282212,237658
Maharashtra,Ichalkaranji,Ichalkaranji,416115,maharashtra-ichalkaranji,112503,96718,62914
Maharashtra,Kalbadevi,Kalbadevi,400002,maharashtra-kalbadevi,542508,403034,382882
Maharashtra,Kalyan City,Kalyan City,421301,maharashtra-kalyan-city,465508,365611,350198
Maharashtra,Kamptee,Kamptee,441001,maharashtra-kamptee,354272,305602,280060
Maharashtra,Karad,Karad,415110,maharashtra-karad,542659,434640,412908
Maharashtra,Khamgaon,Khamgaon,444303,maharashtra-khamgaon,261075,184289,171203
Maharashtra,Kolhapur,Kolhapur,416003,maharashtra-kolhapur,804017,600557,520193
Maharashtra,Kolhapur City,Kolhapur City,416012,maharashtra-kolhapur-city,914675,686339,529517
Maharashtra,Latur,Latur,413512,maharashtra-latur,326216,237217,225356
Maharashtra,Mahim,Mahim,400016,maharashtra-mahim,879087,782312,734984
Maharashtra,Malegaon town,Malegaon town,423203,maharashtra-malegaon-town,484891,437486,364349
Maharashtra,Malvan,Malvan,416606,maharashtra-malvan,562029,461510,321091
Maharashtra,Mandvi,Mandvi,400003,maharashtra-mandvi,730598,646067,629813
Maharashtra,Margo,Margo,403601,maharashtra-margo,427010,335152,249448
Maharashtra,Miraj,Miraj,416410,maharashtra-miraj,479868,420754,368165
Maharashtra,Mulund,Mulund,400080,maharashtra-mulund,737114,665396,461288
Maharashtra,Mumbai G.P.O.,Mumbai G.P.O.,400001,maharashtra-mumbai-g-p-o,14890774,12707750,12101844
Maharashtra,Mumbai central,Mumbai central,400008,maharashtra-mumbai-central,10991167,8368557,7517342
Maharashtra,Murtizapur,Murtizapur,444107,maharashtra-murtizapur,543662,410073,389569
Maharashtra,Nagpur City,Nagpur City,440002,maharashtra-nagpur-city,4441836,3946091,2681800
Maharashtra,Nagpur G.P.O.,Nagpur G.P.O.,440001,maharashtra-nagpur-g-p-o,2365127,1923765,1827576
Maharashtra,Nanded,Nanded,431601,maharashtra-nanded,847907,778066,578497
Maharashtra,Nashik,Nashik,422001,maharashtra-nashik,842235,602342,531118
Maharashtra,Nashik road,Nashik road,422001,maharashtra-nashik-road,502728,384968,354107
Maharashtra,Osmanabad,Osmanabad,413501,maharashtra-osmanabad,819152,700528,454813
Maharashtra,Palghar,Palghar,401404,maharashtra-palghar,153310,131665,122772
Maharashtra,Panagi,Panagi,403001,maharashtra-panagi,766423,615319,525197
Maharashtra,Pandharpur,Pandharpur,413304,maharashtra-pandharpur,724746,541563,529201
Maharashtra,Panvel,Panvel,410206,maharashtra-panvel,612407,503138,414625
Maharashtra,Paratwada,Paratwada,444805,maharashtra-paratwada,314047,239530,188918
Maharashtra,Parbhani,Parbhani,431401,maharashtra-parbhani,72427,51198,48638
Maharashtra,Parleshwar,Parleshwar,400057,maharashtra-parleshwar,311586,269006,246632
Maharashtra,Pune,Pune,411001,maharashtra-pune,7897411,5601510,5321434
Maharashtra,Pune City,Pune City,411002,maharashtra-pune-city,9346814,8193550,6851584
Maharashtra,Ratnagiri,Ratnagiri,415612,maharashtra-ratnagiri,459745,337325,320458
Maharashtra,Sangli,Sangli,416416,maharashtra-sangli,565654,516189,345892
Maharashtra,Satara,Satara,415001,maharashtra-satara,400189,364250,223897
Maharashtra,Sawantwadi,Sawantwadi,416510,maharashtra-sawantwadi,576555,501485,346687
Maharashtra,Shivajinagar Pune,Shivajinagar Pune,411005,maharashtra-shivajinagar-pune,9927907,8449138,6659567
Maharashtra,Shrirampur,Shrirampur,413709,maharashtra-shrirampur,273584,234634,167150
Maharashtra,Solapur,Solapur,413001,maharashtra-solapur,542704,476997,383228
Maharashtra,Thane,Thane,400601,maharashtra-thane,377473,284188,269978
Maharashtra,Wardha,Wardha,442001,maharashtra-wardha,436818,374073,322578
Maharashtra,Yeotamal,Yeotamal,445001,maharashtra-yeotamal,622695,481634,448860
Maharashtra,Alibag,Alibag,402201,maharashtra-alibag,808308,642296,584056
Manipur,Bishanpur,Bishanpur,795126,manipur-bishanpur,622271,551010,544934
Manipur,Chakpirang,Chakpirang,795102,manipur-chakpirang,303172,226179,215843
Manipur,Chandel,Chandel,795127,manipur-chandel,46429,42197,36498
Manipur,Chingkompong,Chingkompong,795158,manipur-chingkompong,734822,612535,487158
Manipur,Churachandpur,Churachandpur,795128,manipur-churachandpur,347329,318493,226012
Manipur,Dhamloan,Dhamloan,795143,manipur-dhamloan,879520,692860,658217
Manipur,Giribam,Giribam,788105,manipur-giribam,327425,265106,251850
Manipur,Gular thal,Gular thal,788115,manipur-gular-thal,535242,452871,430227
Manipur,Imphal G.P.O,Imphal G.P.O,795001,manipur-imphal-g-p-o,509570,420568,410991
Manipur,Kakching bazar,Kakching bazar,795103,manipur-kakching-bazar,787924,680702,472349
Manipur,Kala pahad,Kala pahad,795122,manipur-kala-pahad,461200,369193,338238
Manipur,Karong,Karong,795106,manipur-karong,865940,768255,588254
Manipur,Kongkopi,Kongkopi,795129,manipur-kongkopi,466994,410740,376361
Manipur,Lamlongbazar,Lamlongbazar,795010,manipur-lamlongbazar,798304,712578,569303
Manipur,Lamphelpat,Lamphelpat,795004,manipur-lamphelpat,375098,316124,232210
Manipur,Lamsang,Lamsang,795140,manipur-lamsang,910855,650531,618173
Manipur,Lilong,Lilong,795130,manipur-lilong,718604,579635,470138
Manipur,Loktak Project,Loktak Project,795124,manipur-loktak-project,753772,639435,582252
Manipur,Manipur vishwavidyalay,Manipur vishwavidyalay,795003,manipur-manipur-vishwavidyalay,543178,460518,452822
Manipur,Mantri Pokhri,Mantri Pokhri,795002,manipur-mantri-pokhri,782361,672044,671145
Manipur,Mao,Mao,795150,manipur-mao,317926,256022,219499
Manipur,Mayang Imphal,Mayang Imphal,795132,manipur-mayang-imphal,493229,345824,328532
Manipur,Moirang,Moirang,795133,manipur-moirang,715051,657451,499442
Manipur,Morai,Morai,795131,manipur-morai,38231,33628,28479
Manipur,Nambol,Nambol,795134,manipur-nambol,557676,425074,403820
Manipur,Nungba,Nungba,795147,manipur-nungba,865279,764419,636195
Manipur,Pagaiyangdong,Pagaiyangdong,795114,manipur-pagaiyangdong,132958,114221,109908
Manipur,Palel,Palel,795135,manipur-palel,322381,271555,200407
Manipur,Saikot,Saikot,795117,manipur-saikot,603959,522717,429186
Manipur,Sekmai,Sekmai,795136,manipur-sekmai,486081,380312,361296
Manipur,Senapati,Senapati,795106,manipur-senapati,704328,510450,484927
Manipur,Singghat,Singghat,795139,manipur-singghat,96937,76375,72556
Manipur,Singjamai bazar,Singjamai bazar,795137,manipur-singjamai-bazar,378460,298091,283186
Manipur,Somdal,Somdal,795144,manipur-somdal,310788,269986,216181
Manipur,Sugumu,Sugumu,795101,manipur-sugumu,110326,84133,79926
Manipur,Ukhrul,Ukhrul,795142,manipur-ukhrul,549964,430835,419526
Maharashtra,Beed,Beed,431122,maharashtra-beed,381433,318208,234425
Maharashtra,Bhandara,Bhandara,441904,maharashtra-bhandara,455656,338036,250864
Maharashtra,Bhusaval,Bhusaval,425201,maharashtra-bhusaval,511788,395961,376162
Maharashtra,Borivali,Borivali,400091,maharashtra-borivali,89263,68705,65269
Madhya Pradesh,Ambikapur,Ambikapur,497001,madhya-pradesh-ambikapur,129811,94560,76814
Meghalaya,Ampati,Ampati,794115,meghalaya-ampati,811635,647901,481908
Meghalaya,Assam rifles,Assam rifles,793011,meghalaya-assam-rifles,585943,522050,471060
Meghalaya,Bada bazar,Bada bazar,793002,meghalaya-bada-bazar,858832,603117,572961
Meghalaya,Bada pani,Bada pani,793103,meghalaya-bada-pani,112809,85707,77973
Meghalaya,Baghmara,Baghmara,794102,meghalaya-baghmara,701733,563942,511251
Meghalaya,Balat,Balat,793106,meghalaya-balat,911199,781250,677945
Meghalaya,Barega pada,Barega pada,794103,meghalaya-barega-pada,576765,415106,388707
Meghalaya,Barmihat,Barmihat,793101,meghalaya-barmihat,749484,600365,570346
Meghalaya,Bolganj bazar,Bolganj bazar,793107,meghalaya-bolganj-bazar,163995,132213,125602
Meghalaya,Chera bazar,Chera bazar,793111,meghalaya-chera-bazar,492041,450159,316827
Meghalaya,Cherrapunji,Cherrapunji,793108,meghalaya-cherrapunji,377026,288094,273689
Meghalaya,Dabki,Dabki,793109,meghalaya-dabki,59916,48925,36306
Meghalaya,Dobasipada,Dobasipada,794005,meghalaya-dobasipada,834514,641948,486915
Meghalaya,Garobandha,Garobandha,794105,meghalaya-garobandha,35990,31068,22244
Meghalaya,Happy valley,Happy valley,793007,meghalaya-happy-valley,168498,121783,115693
Meghalaya,Khilerihat,Khilerihat,793200,meghalaya-khilerihat,903862,786305,678388
Meghalaya,Labaan,Labaan,793004,meghalaya-labaan,634319,533450,423832
Meghalaya,Labarchandmari,Labarchandmari,794002,meghalaya-labarchandmari,141831,104844,100920
Meghalaya,Light core peak,Light core peak,793010,meghalaya-light-core-peak,402920,307242,258433
Meghalaya,Lightmukhra,Lightmukhra,793003,meghalaya-lightmukhra,606578,506434,385804
Meghalaya,Mandi pathar,Mandi pathar,794112,meghalaya-mandi-pathar,88207,65519,61840
Meghalaya,Mawphlang,Mawphlang,793121,meghalaya-mawphlang,436801,385945,301641
Meghalaya,Mosunram,Mosunram,793113,meghalaya-mosunram,796246,693327,438905
Meghalaya,Mowkarvat,Mowkarvat,793114,meghalaya-mowkarvat,444178,311820,296229
Meghalaya,Mowpat,Mowpat,793012,meghalaya-mowpat,425066,371130,297228
Meghalaya,Nangalbibra,Nangalbibra,794107,meghalaya-nangalbibra,694840,632307,387265
Meghalaya,Nanglayer,Nanglayer,793009,meghalaya-nanglayer,863641,623857,592664
Meghalaya,Nangthumai,Nangthumai,793014,meghalaya-nangthumai,680021,559240,399221
Meghalaya,Naya bangla,Naya bangla,793105,meghalaya-naya-bangla,654178,547009,519658
Meghalaya,Nongpoh,Nongpoh,793102,meghalaya-nongpoh,465447,412469,379821
Meghalaya,Nongstoin,Nongstoin,793119,meghalaya-nongstoin,461402,373112,340563
Meghalaya,Penursala,Penursala,793110,meghalaya-penursala,319578,226431,215109
Meghalaya,Phulbari,Phulbari,794104,meghalaya-phulbari,853032,677696,473778
Meghalaya,Phutmouri,Phutmouri,793008,meghalaya-phutmouri,609171,430151,385609
Meghalaya,Resubelpada,Resubelpada,794108,meghalaya-resubelpada,249572,193281,141512
Meghalaya,Rongjing,Rongjing,794110,meghalaya-rongjing,318363,252260,218095
Meghalaya,Rongra,Rongra,794114,meghalaya-rongra,821418,577498,548623
Meghalaya,Shillong G.P.O,Shillong G.P.O,793001,meghalaya-shillong-g-p-o,911133,736022,699220
Meghalaya,Sumer,Sumer,793104,meghalaya-sumer,790586,661946,610938
Meghalaya,Umsao,Umsao,793123,meghalaya-umsao,728535,538358,527532
Meghalaya,Union Christian College,Union Christian College,793122,meghalaya-union-christian-college,317047,267015,200044
Meghalaya,Upling,Upling,793006,meghalaya-upling,753817,647418,445073
Meghalaya,Upper Shillong,Upper Shillong,793005,meghalaya-upper-shillong,42863,33180,30578
Meghalaya,Williamnagar,Williamnagar,794111,meghalaya-williamnagar,679764,482696,402515
Mizoram,Aibok,Aibok,796190,mizoram-aibok,615974,459194,366203
Mizoram,Aizawal G.P.O,Aizawal G.P.O,796001,mizoram-aizawal-g-p-o,702169,635173,472564
Mizoram,Bongmun,Bongmun,796710,mizoram-bongmun,430764,369260,325863
Mizoram,Champhai,Champhai,796321,mizoram-champhai,803196,580389,551369
Mizoram,Chandmari,Chandmari,796007,mizoram-chandmari,316430,286805,221435
Mizoram,Chongtai,Chongtai,796770,mizoram-chongtai,28364,24679,21712
Mizoram,Darlawn,Darlawn,796111,mizoram-darlawn,873716,630199,598689
Mizoram,Demgiri,Demgiri,796751,mizoram-demgiri,840577,608913,578467
Mizoram,Khojovai,Khojovai,796310,mizoram-khojovai,145864,115231,109469
Mizoram,Kolosib,Kolosib,796081,mizoram-kolosib,315994,259089,212374
Mizoram,Kowpoi,Kowpoi,796070,mizoram-kowpoi,819063,709628,565509
Mizoram,Kulokon,Kulokon,796005,mizoram-kulokon,47214,36278,33018
Mizoram,Lakhibera,Lakhibera,796471,mizoram-lakhibera,328734,296548,213174
Mizoram,Longlai,Longlai,796891,mizoram-longlai,329025,230384,218864
Mizoram,Lungdar,Lungdar,796370,mizoram-lungdar,365592,278766,264827
Mizoram,Lunglei,Lunglei,796701,mizoram-lunglei,254212,182176,173067
Mizoram,Lungsein,Lungsein,796730,mizoram-lungsein,658255,604302,369309
Mizoram,Mamit,Mamit,796441,mizoram-mamit,112299,93824,89132
Mizoram,Phalaing,Phalaing,796431,mizoram-phalaing,237168,166648,158315
Mizoram,Ramlun,Ramlun,796012,mizoram-ramlun,728282,562660,559482
Mizoram,Rayak,Rayak,796501,mizoram-rayak,610068,511206,438188
Mizoram,Saiha,Saiha,796901,mizoram-saiha,738912,523419,497248
Mizoram,Sairang,Sairang,796410,mizoram-sairang,722219,545240,477638
Mizoram,Saitul,Saitul,796261,mizoram-saitul,92092,76671,74779
Mizoram,Sango,Sango,796810,mizoram-sango,918139,785465,783778
Mizoram,Serchhip,Serchhip,796181,mizoram-serchhip,271288,218018,208007
Mizoram,Thingdol,Thingdol,796075,mizoram-thingdol,758163,623043,591890
Mizoram,Thinghai,Thinghai,796581,mizoram-thinghai,65085,48149,41323
Mizoram,Thingshul Theleha,Thingshul Theleha,796161,mizoram-thingshul-theleha,269027,194618,179772
Mizoram,Tuipang,Tuipang,796911,mizoram-tuipang,729280,657412,640449
Mizoram,Vairangte,Vairangte,796101,mizoram-vairangte,530887,438417,416496
Mizoram,Vaivakown,Vaivakown,796009,mizoram-vaivakown,615691,510941,468913
Nagaland,A.R.T.C,A.R.T.C,797115,nagaland-a-r-t-c,421650,380479,285637
Nagaland,Akulto,Akulto,798619,nagaland-akulto,296889,239202,222195
Nagaland,Borholla,Borholla,798631,nagaland-borholla,902011,727728,526776
Nagaland,Chaichima,Chaichima,797105,nagaland-chaichima,561248,422663,401529
Nagaland,Champang,Champang,798603,nagaland-champang,217970,185211,165444
Nagaland,Chijami,Chijami,797102,nagaland-chijami,668354,545024,542396
Nagaland,Chochuba,Chochuba,797104,nagaland-chochuba,187659,152228,144616
Nagaland,Chuchaimalang,Chuchaimalang,798614,nagaland-chuchaimalang,893143,636350,604532
Nagaland,Chumukidima,Chumukidima,797103,nagaland-chumukidima,634917,546500,395847
Nagaland,Dimapur,Dimapur,797112,nagaland-dimapur,874331,641573,609494
Nagaland,Impur,Impur,798619,nagaland-impur,900703,778667,548187
Nagaland,Kiphir,Kiphir,798611,nagaland-kiphir,863646,701577,666498
Nagaland,Kohima G.P.O,Kohima G.P.O,797001,nagaland-kohima-g-p-o,296616,258305,163306
Nagaland,Maidjiphema,Maidjiphema,797106,nagaland-maidjiphema,225017,180043,174407
Nagaland,Mailuri,Mailuri,797114,nagaland-mailuri,260765,216744,205906
Nagaland,Mokokchung,Mokokchung,798601,nagaland-mokokchung,433742,385544,260685
Nagaland,Mon,Mon,798621,nagaland-mon,749440,537630,510748
Nagaland,Monkolemba,Monkolemba,798604,nagaland-monkolemba,827896,747897,633453
Nagaland,Naginimira,Naginimira,798622,nagaland-naginimira,296392,259146,191944
Nagaland,Peren,Peren,797101,nagaland-peren,648815,509612,403679
Nagaland,Phenk,Phenk,797108,nagaland-phenk,589347,417983,411392
Nagaland,Pupterow,Pupterow,797107,nagaland-pupterow,127637,105637,100355
Nagaland,Wokha,Wokha,797111,nagaland-wokha,640622,559266,510126
Nagaland,Yonghong,Yonghong,798617,nagaland-yonghong,39818,28617,27186
Nagaland,Zunhebato,Zunhebato,798620,nagaland-zunhebato,571076,404309,384093
Orissa,Angul,Angul,759122,orissa-angul,236544,182097,166697
Orissa,Aska,Aska,761110,orissa-aska,188165,153192,133352
Orissa,Athgarh,Athgarh,754029,orissa-athgarh,641337,573967,381453
Orissa,Balangir,Balangir,767001,orissa-balangir,759808,685599,659749
Orissa,Baleshwar,Baleshwar,756001,orissa-baleshwar,607838,556725,498143
Orissa,Bargarh,Bargarh,768028,orissa-bargarh,287023,241455,200540
Orissa,Baripada,Baripada,757001,orissa-baripada,480631,405369,331397
Orissa,Berhampur,Berhampur,760001,orissa-berhampur,745274,676204,591200
Orissa,Bhadrak,Bhadrak,756110,orissa-bhadrak,291216,241877,229783
Orissa,Bhanjanagar,Bhanjanagar,761126,orissa-bhanjanagar,911324,657659,624776
Orissa,Bhawani Patana,Bhawani Patana,766001,orissa-bhawani-patana,228133,199826,192531
Orissa,Bhubaneswar G.P.O,Bhubaneswar G.P.O,751001,orissa-bhubaneswar-g-p-o,497522,402591,323935
Orissa,Chandnichowk,Chandnichowk,753002,orissa-chandnichowk,393266,294733,259175
Orissa,Chatrapur,Chatrapur,761020,orissa-chatrapur,61834,55660,49514
Orissa,Cuttack,Cuttack,753001,orissa-cuttack,330629,283489,192176
Orissa,Dhenkanal,Dhenkanal,759001,orissa-dhenkanal,390541,305585,257724
Orissa,Kenndrapara,Kenndrapara,754211,orissa-kenndrapara,400083,300431,285409
Orissa,Keonjargarh,Keonjargarh,758001,orissa-keonjargarh,451776,316988,301138
Orissa,Khurda,Khurda,752055,orissa-khurda,574689,441657,428034
Orissa,Koraput,Koraput,764020,orissa-koraput,706478,636585,442015
Orissa,Nayagarh,Nayagarh,752069,orissa-nayagarh,226354,168335,140941
Orissa,Parlakhemudi,Parlakhemudi,761200,orissa-parlakhemudi,184285,155947,130789
Orissa,Phulbani,Phulbani,762001,orissa-phulbani,596428,512584,338583
Orissa,Puri,Puri,752001,orissa-puri,132139,110050,90836
Orissa,Rairangpur,Rairangpur,757043,orissa-rairangpur,712243,618865,495218
Orissa,Rayagada,Rayagada,765001,orissa-rayagada,777869,576440,547618
Orissa,Rourkela,Rourkela,769001,orissa-rourkela,528138,433438,380225
Orissa,Sambalpur,Sambalpur,768001,orissa-sambalpur,428802,314671,259321
Orissa,Sundargargh,Sundargargh,770001,orissa-sundargargh,829992,634690,602955
Punjab,Amritsar,Amritsar,143001,punjab-amritsar,1671672,1173180,1114521
Punjab,Bathala,Bathala,151001,punjab-bathala,638924,550578,443243
Punjab,Bathinda,Bathinda,151001,punjab-bathinda,924937,819017,557525
Punjab,Chandigarh,Chandigarh,160017,punjab-chandigarh,888457,631088,568136
Punjab,Dasuya,Dasuya,144205,punjab-dasuya,576059,435244,323354
Punjab,Faridkot,Faridkot,151203,punjab-faridkot,155584,134089,105322
Punjab,Ferozepur,Ferozepur,152001,punjab-ferozepur,487329,403165,295155
Punjab,Gurdaspur,Gurdaspur,143521,punjab-gurdaspur,321095,261913,202312
Punjab,Hoshiarpur,Hoshiarpur,146001,punjab-hoshiarpur,485526,356482,338657
Punjab,Kapurthala,Kapurthala,144601,punjab-kapurthala,612222,500040,359278
Punjab,Khanna,Khanna,141401,punjab-khanna,642655,563021,509266
Punjab,Ludhiana,Ludhiana,141001,punjab-ludhiana,1178010,883618,671355
Punjab,Moga,Moga,142001,punjab-moga,216353,170561,162032
Punjab,Patiala,Patiala,147001,punjab-patiala,142796,103190,101226
Punjab,Phagwara,Phagwara,144401,punjab-phagwara,430341,325399,309129
Punjab,Rajpura,Rajpura,140401,punjab-rajpura,482682,362323,344206
Punjab,Rupnagar,Rupnagar,140001,punjab-rupnagar,436933,341183,324123
Punjab,Sangrur,Sangrur,148001,punjab-sangrur,438495,390461,338179
Punjab,Taran Taran,Taran Taran,143401,punjab-taran-taran,127806,113190,96725
Rajasthan,Ajmer,Ajmer,305001,rajasthan-ajmer,80263,61525,57362
Rajasthan,Alwar,Alwar,301001,rajasthan-alwar,478528,430837,317374
Rajasthan,Bayana,Bayana,321401,rajasthan-bayana,790077,656820,507158
Rajasthan,Beawar,Beawar,305901,rajasthan-beawar,824011,699575,576774
Rajasthan,Bharatpur,Bharatpur,321001,rajasthan-bharatpur,750497,592941,442186
Rajasthan,Bharatpur City,Bharatpur City,321001,rajasthan-bharatpur-city,508624,446142,383455
Rajasthan,Bhilwara,Bhilwara,311001,rajasthan-bhilwara,412482,289733,275246
Rajasthan,Bikaner,Bikaner,334001,rajasthan-bikaner,198657,143846,136653
Rajasthan,Bundi,Bundi,323001,rajasthan-bundi,923508,822228,786977
Rajasthan,Chirawa,Chirawa,333026,rajasthan-chirawa,837965,588804,548630
Rajasthan,Chittorgarh,Chittorgarh,312001,rajasthan-chittorgarh,523234,475949,430772
Rajasthan,Churu,Churu,331001,rajasthan-churu,602052,550590,398735
Rajasthan,Dausa,Dausa,303301,rajasthan-dausa,647351,589275,527505
Rajasthan,Deeg,Deeg,321203,rajasthan-deeg,60123,42881,40748
Rajasthan,Dholpur,Dholpur,328001,rajasthan-dholpur,422306,348404,239300
Rajasthan,Didwana,Didwana,341301,rajasthan-didwana,520903,395106,307081
Rajasthan,Dungarpur,Dungarpur,314001,rajasthan-dungarpur,87737,71979,59751
Rajasthan,Fatehpur,Fatehpur,332310,rajasthan-fatehpur,605484,487155,373614
Rajasthan,Gandhinagar,Gandhinagar,302020,rajasthan-gandhinagar,417948,371704,309419
Rajasthan,Gangapur R.S,Gangapur R.S,322201,rajasthan-gangapur-r-s,325431,272284,230815
Rajasthan,Hanumangarh Junction,Hanumangarh Junction,335512,rajasthan-hanumangarh-junction,755547,635376,522586
Rajasthan,Hindaun,Hindaun,322230,rajasthan-hindaun,873915,758395,524274
Rajasthan,Kankroli,Kankroli,313324,rajasthan-kankroli,824947,671054,527276
Rajasthan,Kota,Kota,324001,rajasthan-kota,242394,175872,167078
Rajasthan,Madanganj,Madanganj,305801,rajasthan-madanganj,733762,564602,536371
Rajasthan,Makrana,Makrana,341505,rajasthan-makrana,783936,569818,541327
Rajasthan,Marwar Jn.,Marwar Jn.,306001,rajasthan-marwar-jn,262116,205388,166891
Rajasthan,Mavli Jn.,Mavli Jn.,313203,rajasthan-mavli-jn,316839,251376,177586
Rajasthan,Nagaur,Nagaur,341001,rajasthan-nagaur,143486,128757,123302
Rajasthan,Nasirabad,Nasirabad,305601,rajasthan-nasirabad,277729,244028,211832
Rajasthan,Neembathana Town,Neembathana Town,332713,rajasthan-neembathana-town,678801,605603,423876
Rajasthan,New Grain Mandi,New Grain Mandi,324007,rajasthan-new-grain-mandi,719228,536449,492249
Rajasthan,Pali,Pali,306401,rajasthan-pali,747206,665270,609083
Rajasthan,Ratangarh,Ratangarh,331022,rajasthan-ratangarh,351378,280779,266740
Rajasthan,Sanbhar Lake,Sanbhar Lake,303604,rajasthan-sanbhar-lake,336333,290916,230553
Rajasthan,Sawaimadhopur,Sawaimadhopur,322001,rajasthan-sawaimadhopur,773995,622375,591256
Rajasthan,Shahpura,Shahpura,303103,rajasthan-shahpura,251876,222082,190395
Rajasthan,Jaipur,Shastri Nagar,302020,rajasthan-jaipur,802136,666211,600035
Rajasthan,Jodhpur,Shastri Nagar,342003,rajasthan-jodhpur,818041,599595,599034
Rajasthan,Sirohi,Sirohi,307001,rajasthan-sirohi,146310,103190,100344
Rajasthan,Sriganganagar,Sriganganagar,335001,rajasthan-sriganganagar,737990,516954,491106
Rajasthan,Srimadhopur,Srimadhopur,332715,rajasthan-srimadhopur,866149,721736,560460
Rajasthan,Tonk,Tonk,304001,rajasthan-tonk,387789,325217,311248
Rajasthan,Udaipur,Udaipur,313001,rajasthan-udaipur,448196,383968,289195
Sikkim,Dikchu,Dikchu,737107,sikkim-dikchu,272189,217337,211435
Sikkim,Gangtok G.P.O,Gangtok G.P.O,737101,sikkim-gangtok-g-p-o,37677,29796,27592
Sikkim,Mangan,Mangan,737116,sikkim-mangan,914125,713035,677383
Sikkim,Namchi,Namchi,737126,sikkim-namchi,191276,149811,105396
Sikkim,Rangpo,Rangpo,737126,sikkim-rangpo,511009,439200,361712
Sikkim,Tong,Tong,734224,sikkim-tong,515157,395217,304066
Tamil Nadu,Ambasamudram,Ambasamudram,627401,tamil-nadu-ambasamudram,351256,316774,275063
Tamil Nadu,Ambattur,Ambattur,600053,tamil-nadu-ambattur,54243,42089,39984
Tamil Nadu,Anna Road,Anna Road,600002,tamil-nadu-anna-road,888067,734027,535060
Tamil Nadu,Arakkonam,Arakkonam,631001,tamil-nadu-arakkonam,158354,135467,93585
Tamil Nadu,Arasaradi,Arasaradi,625016,tamil-nadu-arasaradi,795773,720311,541971
Tamil Nadu,Arni,Arni,632601,tamil-nadu-arni,419029,295209,265195
Tamil Nadu,Aruppukottai,Aruppukottai,626101,tamil-nadu-aruppukottai,617467,453303,430637
Tamil Nadu,Atur,Atur,636102,tamil-nadu-atur,738895,561015,532964
Tamil Nadu,Avadi Camp,Avadi Camp,600054,tamil-nadu-avadi-camp,493492,448193,313674
Tamil Nadu,Bhavani,Bhavani,638301,tamil-nadu-bhavani,441435,354008,326262
Tamil Nadu,Bodinayakanur,Bodinayakanur,625513,tamil-nadu-bodinayakanur,565784,455111,432355
Tamil Nadu,Chengalpattu,Chengalpattu,603001,tamil-nadu-chengalpattu,154654,136527,98809
Tamil Nadu,Chidambaram,Chidambaram,608001,tamil-nadu-chidambaram,791291,662028,558549
Tamil Nadu,Cobichettipalayam,Cobichettipalayam,638401,tamil-nadu-cobichettipalayam,637740,494333,469616
Tamil Nadu,Coimbatore,Coimbatore,641001,tamil-nadu-coimbatore,1993822,1673906,1391908
Tamil Nadu,Coonoor,Coonoor,643101,tamil-nadu-coonoor,96699,83079,80775
Tamil Nadu,Cuddalore,Cuddalore,607001,tamil-nadu-cuddalore,84664,67634,64252
Tamil Nadu,Devakottai,Devakottai,630302,tamil-nadu-devakottai,348836,315365,192137
Tamil Nadu,Dharapuram,Dharapuram,638656,tamil-nadu-dharapuram,470627,342435,288909
Tamil Nadu,Dharmapuri,Dharmapuri,636701,tamil-nadu-dharmapuri,404723,301575,265234
Tamil Nadu,Dindigul,Dindigul,624001,tamil-nadu-dindigul,417649,315717,299931
Tamil Nadu,Erode,Erode,638001,tamil-nadu-erode,699503,540585,461872
Tamil Nadu,Gudiyattam,Gudiyattam,632602,tamil-nadu-gudiyattam,189529,171729,117957
Tamil Nadu,Kallakurichi,Kallakurichi,606202,tamil-nadu-kallakurichi,347240,261887,215855
Tamil Nadu,Kanchipuram,Kanchipuram,631501,tamil-nadu-kanchipuram,881006,673681,634520
Tamil Nadu,Karaikudi,Karaikudi,630001,tamil-nadu-karaikudi,359459,273709,210314
Tamil Nadu,Karur,Karur,639001,tamil-nadu-karur,879595,778688,538354
Tamil Nadu,Kovilpatti,Kovilpatti,628501,tamil-nadu-kovilpatti,68248,55831,53794
Tamil Nadu,Krishnagiri,Krishnagiri,635001,tamil-nadu-krishnagiri,825252,689491,647485
Tamil Nadu,Kulittalai,Kulittalai,639104,tamil-nadu-kulittalai,287964,201613,186550
Tamil Nadu,Kumbakonam,Kumbakonam,612001,tamil-nadu-kumbakonam,653196,572604,394759
Tamil Nadu,Madras GPO,Madras GPO,600001,tamil-nadu-madras-gpo,463328,357844,256946
Tamil Nadu,Madurai,Madurai,625001,tamil-nadu-madurai,686839,492476,467852
Tamil Nadu,Manamadurai,Manamadurai,630606,tamil-nadu-manamadurai,838310,643887,611692
Tamil Nadu,Mannargudi,Mannargudi,614001,tamil-nadu-mannargudi,221124,175647,139631
Tamil Nadu,Mayiladuthurai,Mayiladuthurai,609001,tamil-nadu-mayiladuthurai,568527,512604,328212
Tamil Nadu,Melakaveri,Melakaveri,612002,tamil-nadu-melakaveri,422591,337011,271146
Tamil Nadu,Mettupalayam,Mettupalayam,641301,tamil-nadu-mettupalayam,465283,356397,338577
Tamil Nadu,Mylapore,Mylapore,600004,tamil-nadu-mylapore,391808,342498,223253
Tamil Nadu,Nagercoil,Nagercoil,629001,tamil-nadu-nagercoil,406210,332501,292081
Tamil Nadu,Namakkal,Namakkal,637001,tamil-nadu-namakkal,461288,394626,382678
Tamil Nadu,Nargarpattinam,Nargarpattinam,611001,tamil-nadu-nargarpattinam,609401,445152,422553
Tamil Nadu,Nilakottai,Nilakottai,624208,tamil-nadu-nilakottai,407157,352040,316732
Tamil Nadu,Palani,Palani,624601,tamil-nadu-palani,462658,362747,298891
Tamil Nadu,Palayamkottai,Palayamkottai,627002,tamil-nadu-palayamkottai,71077,60415,55563
Tamil Nadu,Papanasam,Papanasam,614205,tamil-nadu-papanasam,175017,141317,120292
Tamil Nadu,Paramakudi,Paramakudi,623707,tamil-nadu-paramakudi,851672,715210,640506
Tamil Nadu,Park Town,Park Town,600003,tamil-nadu-park-town,54024,38611,36680
Tamil Nadu,Pattukottai,Pattukottai,614601,tamil-nadu-pattukottai,596820,539286,509973
Tamil Nadu,Periyakulam,Periyakulam,625601,tamil-nadu-periyakulam,382375,295205,262073
Tamil Nadu,Pollachi,Pollachi,642001,tamil-nadu-pollachi,260976,212240,201628
Tamil Nadu,Pondicherry,Pondicherry,605001,tamil-nadu-pondicherry,898621,636881,605036
Tamil Nadu,Pudukottai,Pudukottai,622001,tamil-nadu-pudukottai,582852,413194,396474
Tamil Nadu,Rajapalayam,Rajapalayam,626117,tamil-nadu-rajapalayam,380096,281863,247882
Tamil Nadu,Ramanathapuram,Ramanathapuram,623501,tamil-nadu-ramanathapuram,147212,109062,103608
Tamil Nadu,Ranipet,Ranipet,632401,tamil-nadu-ranipet,38818,35551,31291
Tamil Nadu,Rathinasabapathipuram,Rathinasabapathipuram,641002,tamil-nadu-rathinasabapathipuram,836248,743767,732904
Tamil Nadu,Salem,Salem,636001,tamil-nadu-salem,361166,269914,220602
Tamil Nadu,Sankarankoil,Sankarankoil,627756,tamil-nadu-sankarankoil,879036,722240,549539
Tamil Nadu,Sirkali,Sirkali,609110,tamil-nadu-sirkali,420406,364199,325366
Tamil Nadu,Sivakasi,Sivakasi,626123,tamil-nadu-sivakasi,223603,182816,143604
Tamil Nadu,Sri Rangam,Sri Rangam,620006,tamil-nadu-sri-rangam,779534,599165,524508
Tamil Nadu,Srivaikuntam,Srivaikuntam,628601,tamil-nadu-srivaikuntam,211775,170672,167353
Tamil Nadu,St.Thomas Mount,St.Thomas Mount,600016,tamil-nadu-st-thomas-mount,324939,287643,179891
Tamil Nadu,Suramangalam,Suramangalam,636005,tamil-nadu-suramangalam,583798,535037,349605
Tamil Nadu,Tallakulam,Tallakulam,625002,tamil-nadu-tallakulam,323079,247987,187042
Tamil Nadu,Tambaram,Tambaram,600045,tamil-nadu-tambaram,253014,223103,161023
Tamil Nadu,Tenkasi,Tenkasi,627811,tamil-nadu-tenkasi,330678,296036,245132
Tamil Nadu,Thanjavur,Thanjavur,613001,tamil-nadu-thanjavur,118551,108863,74345
Tamil Nadu,Thiruvallur,Thiruvallur,602001,tamil-nadu-thiruvallur,586567,460774,345542
Tamil Nadu,Thuckalay,Thuckalay,629175,tamil-nadu-thuckalay,913530,741081,729490
Tamil Nadu,Thuraiyur,Thuraiyur,621010,tamil-nadu-thuraiyur,643045,464650,372240
Tamil Nadu,Thyagaraynagar,Thyagaraynagar,600017,tamil-nadu-thyagaraynagar,249759,225776,218305
Tamil Nadu,Tindivanam,Tindivanam,604001,tamil-nadu-tindivanam,776469,558455,530532
Tamil Nadu,Tiruchendur,Tiruchendur,628215,tamil-nadu-tiruchendur,153685,139338,133532
Tamil Nadu,Tiruchengudo,Tiruchengudo,637211,tamil-nadu-tiruchengudo,411494,304095,285394
Tamil Nadu,Tiruchirappalli,Tiruchirappalli,620001,tamil-nadu-tiruchirappalli,390175,323678,215767
Tamil Nadu,Tirukkoyilur,Tirukkoyilur,605757,tamil-nadu-tirukkoyilur,398881,284906,278259
Tamil Nadu,Tirunelveli,Tirunelveli,627001,tamil-nadu-tirunelveli,817836,704878,456984
Tamil Nadu,Tiruppattur,Tiruppattur,635601,tamil-nadu-tiruppattur,37960,34236,29138
Tamil Nadu,Tirupur,Tirupur,641601,tamil-nadu-tirupur,600133,512470,510418
Tamil Nadu,Tiruthuraipundi,Tiruthuraipundi,614713,tamil-nadu-tiruthuraipundi,50881,43472,36628
Tamil Nadu,Tiruvannamalai,Tiruvannamalai,606601,tamil-nadu-tiruvannamalai,44604,33440,28773
Tamil Nadu,Tiruvarur,Tiruvarur,610001,tamil-nadu-tiruvarur,332608,275582,266675
Tamil Nadu,Turiyur,Turiyur,628001,tamil-nadu-turiyur,546964,476581,395983
Tamil Nadu,Udagamandalam,Udagamandalam,643001,tamil-nadu-udagamandalam,858042,642957,497047
Tamil Nadu,Udamalpet,Udamalpet,642126,tamil-nadu-udamalpet,319466,224067,212863
Tamil Nadu,Vellore,Vellore,632001,tamil-nadu-vellore,27774,25321,21976
Tamil Nadu,Villupuram,Villupuram,605602,tamil-nadu-villupuram,717907,524921,399293
Tamil Nadu,Virudhunagar,Virudhunagar,626001,tamil-nadu-virudhunagar,646005,528133,462644
Tripura,Bachaibadi,Bachaibadi,799206,tripura-bachaibadi,302241,222464,211340
Tripura,Abhaynagar,Abhaynagar,799005,tripura-abhaynagar,62808,52442,48066
Tripura,Agartala G.P.O,Agartala G.P.O,799001,tripura-agartala-g-p-o,404791,283983,269783
Tripura,Amarpur,Amarpur,799101,tripura-amarpur,222369,199723,153936
Tripura,Ambasa,Ambasa,799289,tripura-ambasa,213936,189814,177260
Tripura,Ampinagar,Ampinagar,799108,tripura-ampinagar,601998,429486,408011
Tripura,Anandpur,Anandpur,799157,tripura-anandpur,648857,555364,520481
Tripura,Arundatinagar,Arundatinagar,799003,tripura-arundatinagar,287891,262646,216900
Tripura,Baghma,Baghma,799119,tripura-baghma,784631,634280,548773
Tripura,Bokshanagar,Bokshanagar,799106,tripura-bokshanagar,215889,195900,169021
Tripura,Bolomia,Bolomia,799155,tripura-bolomia,72765,64970,51966
Tripura,Chandrapur,Chandrapur,799251,tripura-chandrapur,291399,216790,180931
Tripura,Chareelum,Chareelum,799107,tripura-chareelum,156768,143659,93482
Tripura,Dharamnagar G.P.O,Dharamnagar G.P.O,799250,tripura-dharamnagar-g-p-o,684898,486815,424531
Tripura,Kadamtala,Kadamtala,799261,tripura-kadamtala,664168,555046,403781
Tripura,Kailashahar,Kailashahar,799277,tripura-kailashahar,696800,511490,485915
Tripura,Kalyanpur,Kalyanpur,799203,tripura-kalyanpur,94834,75520,71744
Tripura,Kamalghat,Kamalghat,799210,tripura-kamalghat,170838,126849,99514
Tripura,Kamalpur,Kamalpur,799285,tripura-kamalpur,852134,783020,713203
Tripura,Kanchanbadi,Kanchanbadi,799288,tripura-kanchanbadi,471254,355615,336738
Tripura,Kanchanpur,Kanchanpur,799270,tripura-kanchanpur,330474,298721,260277
Tripura,Kathali,Kathali,799132,tripura-kathali,418803,310095,288371
Tripura,Khayerpur,Khayerpur,799008,tripura-khayerpur,572111,423657,358415
Tripura,Khowai,Khowai,799201,tripura-khowai,291826,250870,216305
Tripura,Kuli bazar,Kuli bazar,799204,tripura-kuli-bazar,743837,610560,444355
Tripura,Kumar ghat,Kumar ghat,799264,tripura-kumar-ghat,515493,421240,305151
Tripura,Kunjvan,Kunjvan,799006,tripura-kunjvan,412138,314590,248127
Tripura,Makshmara,Makshmara,799265,tripura-makshmara,751017,627034,598100
Tripura,Manubazar,Manubazar,799143,tripura-manubazar,716858,514705,437039
Tripura,Manughat,Manughat,799275,tripura-manughat,326198,229447,201065
Tripura,Mati,Mati,799159,tripura-mati,351202,255685,209425
Tripura,Melaghar,Melaghar,799115,tripura-melaghar,720852,572882,481553
Tripura,Mohanpur,Mohanpur,799211,tripura-mohanpur,764263,553709,449582
Tripura,Mohripur,Mohripur,799142,tripura-mohripur,323111,266386,253066
Tripura,Paicharthal,Paicharthal,799263,tripura-paicharthal,250872,195118,185362
Tripura,Paitur Bazar,Paitur Bazar,799279,tripura-paitur-bazar,699266,614834,510769
Tripura,Pani Chowki Bazar,Pani Chowki Bazar,799277,tripura-pani-chowki-bazar,827830,681090,666134
Tripura,Pani Sagar,Pani Sagar,799260,tripura-pani-sagar,86635,72162,70165
Tripura,Phatikarai,Phatikarai,799290,tripura-phatikarai,896326,666745,542985
Tripura,Phatikchara,Phatikchara,799214,tripura-phatikchara,215494,190944,143035
Tripura,Radhanagar,Radhanagar,799153,tripura-radhanagar,633533,581843,402376
Tripura,Rajnagar,Rajnagar,799158,tripura-rajnagar,104547,85260,84968
Tripura,Ramnagar,Ramnagar,799002,tripura-ramnagar,488996,422759,415430
Tripura,Shabroom,Shabroom,799145,tripura-shabroom,534583,416970,330921
Tripura,Shalima,Shalima,799278,tripura-shalima,428429,353784,241851
Tripura,Shatchand,Shatchand,799213,tripura-shatchand,229859,168033,130264
Tripura,Simra,Simra,799213,tripura-simra,694274,529976,456941
Tripura,Sunamura,Sunamura,799131,tripura-sunamura,856547,659099,626144
Tripura,Telimura,Telimura,799205,tripura-telimura,288364,231129,193316
Tripura,Tripuradam Chera,Tripuradam Chera,799256,tripura-tripuradam-chera,116508,88828,84386
Tripura,Vimangad,Vimangad,799015,tripura-vimangad,456670,366600,322846
Uttar Pradesh,Agra,Agra,282001,uttar-pradesh-agra,676375,511618,469900
Uttar Pradesh,Agra Fort,Agra Fort,282003,uttar-pradesh-agra-fort,476895,427666,313061
Uttar Pradesh,Akbarpur,Akbarpur,224122,uttar-pradesh-akbarpur,99024,83620,73919
Uttar Pradesh,Aligarh,Aligarh,202001,uttar-pradesh-aligarh,104340,87852,80113
Uttar Pradesh,Allahabad,Allahabad,211001,uttar-pradesh-allahabad,756209,555438,418779
Uttar Pradesh,Allahabad City,Allahabad City,211003,uttar-pradesh-allahabad-city,881908,729361,563732
Uttar Pradesh,Allahabad Kacheri,Allahabad Kacheri,211002,uttar-pradesh-allahabad-kacheri,565454,409772,318463
Uttar Pradesh,Almora,Almora,263601,uttar-pradesh-almora,454007,354508,336782
Uttar Pradesh,Auraiya,Auraiya,206122,uttar-pradesh-auraiya,393635,326140,296113
Uttar Pradesh,Azamgarh,Azamgarh,276001,uttar-pradesh-azamgarh,434346,329307,263203
Uttar Pradesh,Bahraich,Bahraich,271801,uttar-pradesh-bahraich,662647,528836,370516
Uttar Pradesh,Ballia,Ballia,277001,uttar-pradesh-ballia,849654,743338,476480
Uttar Pradesh,Balrampur,Balrampur,271201,uttar-pradesh-balrampur,446335,377058,376504
Uttar Pradesh,Banda,Banda,210001,uttar-pradesh-banda,628919,534155,446081
Uttar Pradesh,Bansi,Bansi,272153,uttar-pradesh-bansi,384565,300014,296675
Uttar Pradesh,Barabanki,Barabanki,225001,uttar-pradesh-barabanki,423700,359203,287181
Uttar Pradesh,Baraut,Baraut,250611,uttar-pradesh-baraut,481156,384385,358433
Uttar Pradesh,Bareilly,Bareilly,243001,uttar-pradesh-bareilly,554369,441999,342432
Uttar Pradesh,Basti,Basti,272001,uttar-pradesh-basti,530273,414062,393358
Uttar Pradesh,Bijnor,Bijnor,246701,uttar-pradesh-bijnor,84604,68264,64850
Uttar Pradesh,Budaun,Budaun,243601,uttar-pradesh-budaun,116420,88233,64934
Uttar Pradesh,Bulandshahar,Bulandshahar,203001,uttar-pradesh-bulandshahar,299040,244238,196292
Uttar Pradesh,Dehradun,Dehradun,248001,uttar-pradesh-dehradun,167808,152923,133983
Uttar Pradesh,Dehradun Cantt.,Dehradun Cantt.,248003,uttar-pradesh-dehradun-cantt,92034,76558,72730
Uttar Pradesh,Deoria,Deoria,274001,uttar-pradesh-deoria,893658,681100,647045
Uttar Pradesh,Dhampur,Dhampur,246761,uttar-pradesh-dhampur,711599,597400,567530
Uttar Pradesh,Etah,Etah,207001,uttar-pradesh-etah,797459,574066,465347
Uttar Pradesh,Etawah,Etawah,206001,uttar-pradesh-etawah,804352,711543,566023
Uttar Pradesh,Faizabad,Faizabad,224001,uttar-pradesh-faizabad,74354,52081,49476
Uttar Pradesh,Fatehgarh,Fatehgarh,209601,uttar-pradesh-fatehgarh,314647,223492,188927
Uttar Pradesh,Fatehpur,Fatehpur,212601,uttar-pradesh-fatehpur,332859,297015,285737
Uttar Pradesh,Firozabad,Firozabad,283203,uttar-pradesh-firozabad,736698,565172,414227
Uttar Pradesh,Ghaziabad,Ghaziabad,201001,uttar-pradesh-ghaziabad,233600,183735,174548
Uttar Pradesh,Ghazipur,Ghazipur,233001,uttar-pradesh-ghazipur,481452,341297,290995
Uttar Pradesh,Gonda,Gonda,271001,uttar-pradesh-gonda,862059,734049,730288
Uttar Pradesh,Gopeshwar,Gopeshwar,246401,uttar-pradesh-gopeshwar,461080,414155,345589
Uttar Pradesh,Gorakhpur,Gorakhpur,273001,uttar-pradesh-gorakhpur,392585,295562,280783
Uttar Pradesh,Haldwani,Haldwani,263139,uttar-pradesh-haldwani,160915,119025,113073
Uttar Pradesh,Hamirpur,Hamirpur,210301,uttar-pradesh-hamirpur,51119,40301,28922
Uttar Pradesh,Hapur,Hapur,245101,uttar-pradesh-hapur,535587,454943,393805
Uttar Pradesh,Hardoi,Hardoi,241001,uttar-pradesh-hardoi,503080,445066,382605
Uttar Pradesh,Kanpur,Kanpur,208001,uttar-pradesh-kanpur,3664096,2992648,2335804
Uttar Pradesh,Kanpur Cantt.,Kanpur Cantt.,208004,uttar-pradesh-kanpur-cantt,3908432,3178110,2575883
Uttar Pradesh,Kheri,Kheri,262701,uttar-pradesh-kheri,168499,130793,121953
Uttar Pradesh,Khurja,Khurja,203131,uttar-pradesh-khurja,312263,251803,194786
Uttar Pradesh,Kunraghat,Kunraghat,273008,uttar-pradesh-kunraghat,332602,284804,219154
Uttar Pradesh,Lalganj,Lalganj,229206,uttar-pradesh-lalganj,828972,609546,607724
Uttar Pradesh,Lalitpur,Lalitpur,284403,uttar-pradesh-lalitpur,212963,175752,166964
Uttar Pradesh,Landsdowne,Landsdowne,246155,uttar-pradesh-landsdowne,197323,150752,143214
Uttar Pradesh,Lucknow Chowk,Lucknow Chowk,226003,uttar-pradesh-lucknow-chowk,2818407,2255272,1645864
Uttar Pradesh,Lucknow GPO,Lucknow GPO,226001,uttar-pradesh-lucknow-gpo,2473141,2158972,1497576
Uttar Pradesh,Madhobewala,Madhobewala,248110,uttar-pradesh-madhobewala,102183,72420,68799
Uttar Pradesh,Mainpuri,Mainpuri,205001,uttar-pradesh-mainpuri,92258,68588,65158
Uttar Pradesh,Mathura,Mathura,281001,uttar-pradesh-mathura,217487,193086,182736
Uttar Pradesh,Mau Nath Bhanjan,Mau Nath Bhanjan,275101,uttar-pradesh-mau-nath-bhanjan,231594,203559,163185
Uttar Pradesh,Meerut,Meerut,250001,uttar-pradesh-meerut,844369,695645,568811
Uttar Pradesh,Meerut City,Meerut City,250002,uttar-pradesh-meerut-city,153671,127935,121538
Uttar Pradesh,Mirzapur,Mirzapur,231001,uttar-pradesh-mirzapur,890851,695186,594709
Uttar Pradesh,Moradabad,Moradabad,244001,uttar-pradesh-moradabad,694212,492543,467915
Uttar Pradesh,Muzaffarnagar,Muzaffarnagar,251001,uttar-pradesh-muzaffarnagar,752639,643600,611420
Uttar Pradesh,Nainital,Nainital,263001,uttar-pradesh-nainital,822974,657940,625043
Uttar Pradesh,Nawabganj,Nawabganj,208002,uttar-pradesh-nawabganj,831588,733488,515452
Uttar Pradesh,Orai,Orai,285001,uttar-pradesh-orai,269247,224146,202765
Uttar Pradesh,Padrauna,Padrauna,274304,uttar-pradesh-padrauna,721205,555593,479529
Uttar Pradesh,Pauri,Pauri,246001,uttar-pradesh-pauri,103140,89742,68870
Uttar Pradesh,Pilibhit,Pilibhit,262001,uttar-pradesh-pilibhit,830111,731407,703364
Uttar Pradesh,Pithoragarh,Pithoragarh,262501,uttar-pradesh-pithoragarh,492006,386959,340007
Uttar Pradesh,Pratapgarh,Pratapgarh,230001,uttar-pradesh-pratapgarh,371863,336120,323004
Uttar Pradesh,Rae Bareli,Rae Bareli,229001,uttar-pradesh-rae-bareli,856385,693671,608720
Uttar Pradesh,Rampur,Rampur,244901,uttar-pradesh-rampur,104681,85426,64315
Uttar Pradesh,Ranikhet,Ranikhet,263645,uttar-pradesh-ranikhet,528663,418069,325792
Uttar Pradesh,Rasra,Rasra,221712,uttar-pradesh-rasra,473651,374364,355645
Uttar Pradesh,Roorkee,Roorkee,247667,uttar-pradesh-roorkee,589565,484844,460601
Uttar Pradesh,Saharnpur,Saharnpur,247001,uttar-pradesh-saharnpur,624778,537878,523530
Uttar Pradesh,Sandila,Sandila,241204,uttar-pradesh-sandila,473556,401549,307960
Uttar Pradesh,Shahjahanpur,Shahjahanpur,242001,uttar-pradesh-shahjahanpur,573082,415594,394814
Uttar Pradesh,Shamli,Shamli,247776,uttar-pradesh-shamli,339394,301767,214676
Uttar Pradesh,Sitapur,Sitapur,261001,uttar-pradesh-sitapur,768743,558750,530812
Uttar Pradesh,Sultanpur,Sultanpur,228001,uttar-pradesh-sultanpur,687942,600244,426157
Uttar Pradesh,Tehri,Tehri,249001,uttar-pradesh-tehri,314389,268158,219669
Uttar Pradesh,Unnao,Unnao,209801,uttar-pradesh-unnao,281496,202449,166229
Uttar Pradesh,Varanasi,Varanasi,221002,uttar-pradesh-varanasi,553913,503617,383949
Uttar Pradesh,Zamania,Zamania,232329,uttar-pradesh-zamania,812512,678085,588089
Uttar Pradesh,Amroha,Amroha,244221,uttar-pradesh-amroha,706629,588893,415158
West Bengal,Alipur,Alipur,700027,west-bengal-alipur,152667,108012,86131
West Bengal,Arambagh,Arambagh,712601,west-bengal-arambagh,459127,373331,363906
West Bengal,Asansol,Asansol,713301,west-bengal-asansol,767547,676384,581281
West Bengal,Balurghat,Balurghat,733101,west-bengal-balurghat,636207,577395,429985
West Bengal,Bankura,Bankura,722101,west-bengal-bankura,79951,67510,64134
West Bengal,Barabazar,Barabazar,700007,west-bengal-barabazar,650647,553634,378436
West Bengal,Barasat,Barasat,743201,west-bengal-barasat,903125,775579,711583
West Bengal,Barrackpore,Barrackpore,743101,west-bengal-barrackpore,198410,140131,133124
West Bengal,Baruipur,Baruipur,743302,west-bengal-baruipur,867236,711759,537934
West Bengal,Basirhat,Basirhat,743411,west-bengal-basirhat,38401,28133,24807
West Bengal,Beleghata,Beleghata,700010,west-bengal-beleghata,689653,534309,507593
West Bengal,Belgharia,Belgharia,700056,west-bengal-belgharia,552420,430226,410279
West Bengal,Berhampur,Berhampur,742101,west-bengal-berhampur,447749,380902,361856
West Bengal,Burdwan,Burdwan,713101,west-bengal-burdwan,647347,542400,506070
West Bengal,Calcutta G.P.O,Calcutta G.P.O,700001,west-bengal-calcutta-g-p-o,836710,622020,460784
West Bengal,Chinsurah,Chinsurah,712101,west-bengal-chinsurah,183592,166330,112595
West Bengal,Contai,Contai,721401,west-bengal-contai,504967,461627,379413
West Bengal,Cooch Behar,Cooch Behar,736101,west-bengal-cooch-behar,503251,437388,320530
West Bengal,Cossipore,Cossipore,700002,west-bengal-cossipore,356043,252065,226942
West Bengal,Darjeeling,Darjeeling,734101,west-bengal-darjeeling,805806,713051,450380
West Bengal,Diamond Harbour,Diamond Harbour,743331,west-bengal-diamond-harbour,764005,558266,530352
West Bengal,Drishnapur,Drishnapur,741101,west-bengal-drishnapur,556361,419322,398355
West Bengal,Durgapur,Durgapur,713201,west-bengal-durgapur,243885,220362,211144
West Bengal,Gangtok,Gangtok,737101,west-bengal-gangtok,369785,264036,250834
West Bengal,Howrah,Howrah,711101,west-bengal-howrah,364481,261590,261069
West Bengal,Kandi,Kandi,742137,west-bengal-kandi,376830,269563,256084
West Bengal,Katwa,Katwa,713130,west-bengal-katwa,784636,560877,434487
West Bengal,Malda,Malda,732101,west-bengal-malda,286867,254439,242281
West Bengal,Mall,Mall,735221,west-bengal-mall,666232,564419,396831
West Bengal,Midnapore,Midnapore,721101,west-bengal-midnapore,909130,802371,597364
West Bengal,Nabadwip,Nabadwip,741302,west-bengal-nabadwip,734513,633025,554900
West Bengal,Purulai,Purulai,744101,west-bengal-purulai,921306,773957,608422
West Bengal,Raghunathganj,Raghunathganj,742225,west-bengal-raghunathganj,412961,336779,288971
West Bengal,Rampurhat,Rampurhat,731224,west-bengal-rampurhat,160106,131886,127505
West Bengal,Ranaghat,Ranaghat,741201,west-bengal-ranaghat,522836,377280,305309
West Bengal,Raniganj,Raniganj,713347,west-bengal-raniganj,530325,416945,356395
West Bengal,Salkia,Salkia,711106,west-bengal-salkia,88968,75138,62773
West Bengal,Serampore,Serampore,712201,west-bengal-serampore,365941,263297,250132
Madhya Pradesh,Bhopal,Bhopal,462001,madhya-pradesh-bhopal,4600439,3342827,2783659
Maharashtra,Nagpur,Nagpur,440001,maharashtra-nagpur,3872044,3041222,2889160
Punjab,Jalandhar,Jalandhar,144001,punjab-jalandhar,1825316,1507894,1341027